Filename	EXIF:Date Taken [Y-m-d_H-M-S]	IPTC:Keywords	
B00000000_21I6LW_20150612_115011E	2015-06-12_11-49-56	Non codable	
B00000001_21I6LW_20150612_115012E	2015-06-12_11-49-59	Non codable	
B00000002_21I6LW_20150612_115013E	2015-06-12_11-50-01	Non codable	
B00000003_21I6LW_20150612_115014E	2015-06-12_11-50-04	Non codable	
B00000004_21I6LW_20150612_115014E	2015-06-12_11-50-06	Non codable	
B00000005_21I6LW_20150612_115015E	2015-06-12_11-50-09	Non codable	
B00000006_21I6LW_20150612_115635E	2015-06-12_11-56-35	Indoors	
B00000007_21I6LW_20150612_115710E	2015-06-12_11-57-10	Indoors	
B00000008_21I6LW_20150612_120259E	2015-06-12_12-02-59	Indoors	
B00000009_21I6LW_20150612_120335E	2015-06-12_12-03-35	Indoors	
B00000010_21I6LW_20150612_120348E	2015-06-12_12-03-48	Indoors	
B00000011_21I6LW_20150612_120423E	2015-06-12_12-04-22	Indoors	
B00000012_21I6LW_20150612_120503E	2015-06-12_12-05-03	Indoors	
B00000013_21I6LW_20150612_120544E	2015-06-12_12-05-44	Indoors	
B00000014_21I6LW_20150612_120624E	2015-06-12_12-06-23	Outdoors	
B00000015_21I6LW_20150612_120702E	2015-06-12_12-07-02	Indoors	
B00000016_21I6LW_20150612_120742E	2015-06-12_12-07-41	Indoors	
B00000017_21I6LW_20150612_120816E	2015-06-12_12-08-16	Indoors	
B00000018_21I6LW_20150612_120854E	2015-06-12_12-08-53	Indoors	
B00000019_21I6LW_20150612_120926E	2015-06-12_12-09-26	Indoors	
B00000020_21I6LW_20150612_121004E	2015-06-12_12-10-03	Indoors	
B00000021_21I6LW_20150612_121034E	2015-06-12_12-10-34	Indoors	
B00000022_21I6LW_20150612_121117E	2015-06-12_12-11-16	Indoors	
B00000023_21I6LW_20150612_121149E	2015-06-12_12-11-49	Indoors	
B00000024_21I6LW_20150612_121226E	2015-06-12_12-12-26	Indoors	
B00000025_21I6LW_20150612_121259E	2015-06-12_12-12-59	Indoors	
B00000026_21I6LW_20150612_121335E	2015-06-12_12-13-35	Indoors	
B00000027_21I6LW_20150612_121408E	2015-06-12_12-14-08	Indoors	
B00000028_21I6LW_20150612_121447E	2015-06-12_12-14-47	Indoors	
B00000029_21I6LW_20150612_121520E	2015-06-12_12-15-20	Indoors	
B00000030_21I6LW_20150612_121557E	2015-06-12_12-15-57	Indoors	
B00000031_21I6LW_20150612_121636E	2015-06-12_12-16-36	Indoors	
B00000032_21I6LW_20150612_121713E	2015-06-12_12-17-13	Indoors	
B00000033_21I6LW_20150612_121746E	2015-06-12_12-17-46	Indoors	
B00000034_21I6LW_20150612_121821E	2015-06-12_12-18-21	Indoors	
B00000035_21I6LW_20150612_121854E	2015-06-12_12-18-54	Indoors	
B00000036_21I6LW_20150612_121935E	2015-06-12_12-19-35	Indoors	
B00000037_21I6LW_20150612_122010E	2015-06-12_12-20-10	Indoors	
B00000038_21I6LW_20150612_122049E	2015-06-12_12-20-49	Indoors	
B00000039_21I6LW_20150612_122123E	2015-06-12_12-21-23	Indoors	
B00000040_21I6LW_20150612_122200E	2015-06-12_12-22-00	Indoors	
B00000041_21I6LW_20150612_122231E	2015-06-12_12-22-31	Indoors	
B00000042_21I6LW_20150612_122302E	2015-06-12_12-23-02	Indoors	
B00000043_21I6LW_20150612_122340E	2015-06-12_12-23-40	Outdoors	
B00000044_21I6LW_20150612_122419E	2015-06-12_12-24-19	Indoors	
B00000045_21I6LW_20150612_122459E	2015-06-12_12-24-59	Outdoors	
B00000046_21I6LW_20150612_122535E	2015-06-12_12-25-34	Outdoors	
B00000047_21I6LW_20150612_122611E	2015-06-12_12-26-10	Indoors	
B00000048_21I6LW_20150612_122646E	2015-06-12_12-26-46	Indoors	
B00000049_21I6LW_20150612_122727E	2015-06-12_12-27-27	Indoors	
B00000050_21I6LW_20150612_122758E	2015-06-12_12-27-58	Indoors	
B00000051_21I6LW_20150612_122838E	2015-06-12_12-28-38	Indoors	
B00000052_21I6LW_20150612_122918E	2015-06-12_12-29-18	Indoors	
B00000053_21I6LW_20150612_122953E	2015-06-12_12-29-53	Indoors	
B00000054_21I6LW_20150612_123028E	2015-06-12_12-30-28	Indoors	
B00000055_21I6LW_20150612_123107E	2015-06-12_12-31-06	Indoors	
B00000056_21I6LW_20150612_123144E	2015-06-12_12-31-44	Indoors	
B00000057_21I6LW_20150612_123223E	2015-06-12_12-32-23	Indoors	
B00000058_21I6LW_20150612_123256E	2015-06-12_12-32-56	Indoors	
B00000059_21I6LW_20150612_123327E	2015-06-12_12-33-26	Indoors	
B00000060_21I6LW_20150612_123359E	2015-06-12_12-33-58	Indoors	
B00000061_21I6LW_20150612_123427E	2015-06-12_12-34-27	Indoors	
B00000062_21I6LW_20150612_123508E	2015-06-12_12-35-08	Indoors	
B00000063_21I6LW_20150612_123548E	2015-06-12_12-35-48	Indoors	
B00000064_21I6LW_20150612_123628E	2015-06-12_12-36-27	Indoors	
B00000065_21I6LW_20150612_123701E	2015-06-12_12-37-01	Indoors	
B00000066_21I6LW_20150612_123737E	2015-06-12_12-37-37	Indoors	
B00000067_21I6LW_20150612_123816E	2015-06-12_12-38-16	Indoors	
B00000068_21I6LW_20150612_123900E	2015-06-12_12-38-59	Indoors	
B00000069_21I6LW_20150612_123934E	2015-06-12_12-39-34	Indoors	
B00000070_21I6LW_20150612_124007E	2015-06-12_12-40-07	Outdoors	
B00000071_21I6LW_20150612_124043E	2015-06-12_12-40-42	Outdoors	
B00000072_21I6LW_20150612_124116E	2015-06-12_12-41-16	Outdoors	
B00000073_21I6LW_20150612_124152E	2015-06-12_12-41-51	Outdoors	
B00000074_21I6LW_20150612_124224E	2015-06-12_12-42-24	Outdoors	
B00000075_21I6LW_20150612_124256E	2015-06-12_12-42-56	Outdoors	
B00000076_21I6LW_20150612_124331E	2015-06-12_12-43-31	Outdoors	
B00000077_21I6LW_20150612_124410E	2015-06-12_12-44-10	Outdoors	
B00000078_21I6LW_20150612_124444E	2015-06-12_12-44-44	Outdoors	
B00000079_21I6LW_20150612_124520E	2015-06-12_12-45-20	Outdoors	
B00000080_21I6LW_20150612_124555E	2015-06-12_12-45-55	Outdoors	
B00000081_21I6LW_20150612_124630E	2015-06-12_12-46-30	Outdoors	
B00000082_21I6LW_20150612_124707E	2015-06-12_12-47-07	Outdoors	
B00000083_21I6LW_20150612_124747E	2015-06-12_12-47-47	Outdoors	
B00000084_21I6LW_20150612_124828E	2015-06-12_12-48-27	Indoors	
B00000085_21I6LW_20150612_124900E	2015-06-12_12-49-00	Indoors	
B00000086_21I6LW_20150612_124934E	2015-06-12_12-49-33	Indoors	
B00000087_21I6LW_20150612_125004E	2015-06-12_12-50-04	Indoors	
B00000088_21I6LW_20150612_125044E	2015-06-12_12-50-44	Indoors	
B00000089_21I6LW_20150612_125123E	2015-06-12_12-51-23	Indoors	
B00000090_21I6LW_20150612_125202E	2015-06-12_12-52-02	Indoors	
B00000091_21I6LW_20150612_125237E	2015-06-12_12-52-37	Indoors	
B00000092_21I6LW_20150612_125314E	2015-06-12_12-53-14	Indoors	
B00000093_21I6LW_20150612_125350E	2015-06-12_12-53-49	Indoors	
B00000094_21I6LW_20150612_125428E	2015-06-12_12-54-28	Indoors	
B00000095_21I6LW_20150612_125507E	2015-06-12_12-55-07	Indoors	
B00000096_21I6LW_20150612_125546E	2015-06-12_12-55-46	Indoors	
B00000097_21I6LW_20150612_125618E	2015-06-12_12-56-17	Indoors	
B00000098_21I6LW_20150612_125651E	2015-06-12_12-56-50	Indoors	
B00000099_21I6LW_20150612_125724E	2015-06-12_12-57-23	Indoors	
B00000100_21I6LW_20150612_125756E	2015-06-12_12-57-56	Indoors	
B00000101_21I6LW_20150612_125837E	2015-06-12_12-58-37	Indoors	
B00000102_21I6LW_20150612_125912E	2015-06-12_12-59-12	Indoors	
B00000103_21I6LW_20150612_125953E	2015-06-12_12-59-53	Indoors	
B00000104_21I6LW_20150612_130024E	2015-06-12_13-00-24	Indoors	
B00000105_21I6LW_20150612_130055E	2015-06-12_13-00-55	Indoors	
B00000106_21I6LW_20150612_130126E	2015-06-12_13-01-26	Indoors	
B00000107_21I6LW_20150612_130156E	2015-06-12_13-01-56	Indoors	
B00000108_21I6LW_20150612_130227E	2015-06-12_13-02-27	Indoors	
B00000109_21I6LW_20150612_130307E	2015-06-12_13-03-07	Indoors	
B00000110_21I6LW_20150612_130339E	2015-06-12_13-03-39	Indoors	
B00000111_21I6LW_20150612_130414E	2015-06-12_13-04-14	Indoors	
B00000112_21I6LW_20150612_130444E	2015-06-12_13-04-44	Indoors	
B00000113_21I6LW_20150612_130517E	2015-06-12_13-05-17	Indoors	
B00000114_21I6LW_20150612_130547E	2015-06-12_13-05-47	Indoors	
B00000115_21I6LW_20150612_130629E	2015-06-12_13-06-28	Indoors	
B00000116_21I6LW_20150612_130703E	2015-06-12_13-07-03	Indoors	
B00000117_21I6LW_20150612_130744E	2015-06-12_13-07-44	Indoors	
B00000118_21I6LW_20150612_130817E	2015-06-12_13-08-17	Outdoors	
B00000119_21I6LW_20150612_130850E	2015-06-12_13-08-50	Outdoors	
B00000120_21I6LW_20150612_130927E	2015-06-12_13-09-27	Outdoors	
B00000121_21I6LW_20150612_131002E	2015-06-12_13-10-01	Indoors	
B00000122_21I6LW_20150612_131033E	2015-06-12_13-10-33	Indoors	
B00000123_21I6LW_20150612_131112E	2015-06-12_13-11-12	Indoors	
B00000124_21I6LW_20150612_131146E	2015-06-12_13-11-46	Indoors	
B00000125_21I6LW_20150612_131219E	2015-06-12_13-12-19	Indoors	
B00000126_21I6LW_20150612_131249E	2015-06-12_13-12-49	Indoors	
B00000127_21I6LW_20150612_131327E	2015-06-12_13-13-27	Indoors	
B00000128_21I6LW_20150612_131406E	2015-06-12_13-14-06	Indoors	
B00000129_21I6LW_20150612_131440E	2015-06-12_13-14-40	Indoors	
B00000130_21I6LW_20150612_131521E	2015-06-12_13-15-21	Indoors	
B00000131_21I6LW_20150612_131601E	2015-06-12_13-16-01	Indoors	
B00000132_21I6LW_20150612_131632E	2015-06-12_13-16-32	Indoors	
B00000133_21I6LW_20150612_131703E	2015-06-12_13-17-03	Indoors	
B00000134_21I6LW_20150612_131734E	2015-06-12_13-17-34	Indoors	
B00000135_21I6LW_20150612_131805E	2015-06-12_13-18-05	Indoors	
B00000136_21I6LW_20150612_131836E	2015-06-12_13-18-36	Indoors	
B00000137_21I6LW_20150612_131907E	2015-06-12_13-19-07	Indoors	
B00000138_21I6LW_20150612_131938E	2015-06-12_13-19-38	Indoors	
B00000139_21I6LW_20150612_132009E	2015-06-12_13-20-09	Indoors	
B00000140_21I6LW_20150612_132040E	2015-06-12_13-20-40	Indoors	
B00000141_21I6LW_20150612_132111E	2015-06-12_13-21-11	Indoors	
B00000142_21I6LW_20150612_132142E	2015-06-12_13-21-42	Indoors	
B00000143_21I6LW_20150612_132213E	2015-06-12_13-22-13	Indoors	
B00000144_21I6LW_20150612_132244E	2015-06-12_13-22-44	Indoors	
B00000145_21I6LW_20150612_132319E	2015-06-12_13-23-19	Indoors	
B00000146_21I6LW_20150612_132357E	2015-06-12_13-23-57	Indoors	
B00000147_21I6LW_20150612_132428E	2015-06-12_13-24-28	Indoors	
B00000148_21I6LW_20150612_132459E	2015-06-12_13-24-59	Indoors	
B00000149_21I6LW_20150612_132530E	2015-06-12_13-25-30	Indoors	
B00000150_21I6LW_20150612_132601E	2015-06-12_13-26-01	Indoors	
B00000151_21I6LW_20150612_132632E	2015-06-12_13-26-32	Indoors	
B00000152_21I6LW_20150612_132703E	2015-06-12_13-27-03	Indoors	
B00000153_21I6LW_20150612_132734E	2015-06-12_13-27-34	Indoors	
B00000154_21I6LW_20150612_132811E	2015-06-12_13-28-11	Indoors	
B00000155_21I6LW_20150612_132842E	2015-06-12_13-28-42	Indoors	
B00000156_21I6LW_20150612_132913E	2015-06-12_13-29-13	Indoors	
B00000157_21I6LW_20150612_132944E	2015-06-12_13-29-44	Indoors	
B00000158_21I6LW_20150612_133015E	2015-06-12_13-30-15	Indoors	
B00000159_21I6LW_20150612_133046E	2015-06-12_13-30-46	Indoors	
B00000160_21I6LW_20150612_133117E	2015-06-12_13-31-17	Indoors	
B00000161_21I6LW_20150612_133148E	2015-06-12_13-31-48	Indoors	
B00000162_21I6LW_20150612_133219E	2015-06-12_13-32-19	Indoors	
B00000163_21I6LW_20150612_133249E	2015-06-12_13-32-49	Indoors	
B00000164_21I6LW_20150612_133320E	2015-06-12_13-33-20	Indoors	
B00000165_21I6LW_20150612_133400E	2015-06-12_13-33-59	Indoors	
B00000166_21I6LW_20150612_133429E	2015-06-12_13-34-29	Indoors	
B00000167_21I6LW_20150612_133500E	2015-06-12_13-35-00	Indoors	
B00000168_21I6LW_20150612_133530E	2015-06-12_13-35-30	Indoors	
B00000169_21I6LW_20150612_133601E	2015-06-12_13-36-01	Indoors	
B00000170_21I6LW_20150612_133632E	2015-06-12_13-36-32	Indoors	
B00000171_21I6LW_20150612_133703E	2015-06-12_13-37-03	Indoors	
B00000172_21I6LW_20150612_133734E	2015-06-12_13-37-34	Indoors	
B00000173_21I6LW_20150612_133805E	2015-06-12_13-38-05	Indoors	
B00000174_21I6LW_20150612_133836E	2015-06-12_13-38-36	Indoors	
B00000175_21I6LW_20150612_133907E	2015-06-12_13-39-07	Indoors	
B00000176_21I6LW_20150612_133938E	2015-06-12_13-39-38	Indoors	
B00000177_21I6LW_20150612_134009E	2015-06-12_13-40-09	Indoors	
B00000178_21I6LW_20150612_134050E	2015-06-12_13-40-50	Indoors	
B00000179_21I6LW_20150612_134121E	2015-06-12_13-41-21	Indoors	
B00000180_21I6LW_20150612_134152E	2015-06-12_13-41-52	Indoors	
B00000181_21I6LW_20150612_134223E	2015-06-12_13-42-23	Indoors	
B00000182_21I6LW_20150612_134254E	2015-06-12_13-42-54	Indoors	
B00000183_21I6LW_20150612_134325E	2015-06-12_13-43-25	Indoors	
B00000184_21I6LW_20150612_134355E	2015-06-12_13-43-55	Indoors	
B00000185_21I6LW_20150612_134426E	2015-06-12_13-44-26	Indoors	
B00000186_21I6LW_20150612_134456E	2015-06-12_13-44-56	Indoors	
B00000187_21I6LW_20150612_134527E	2015-06-12_13-45-27	Indoors	
B00000188_21I6LW_20150612_134557E	2015-06-12_13-45-57	Indoors	
B00000189_21I6LW_20150612_134628E	2015-06-12_13-46-28	Indoors	
B00000190_21I6LW_20150612_134700E	2015-06-12_13-47-00	Indoors	
B00000191_21I6LW_20150612_134731E	2015-06-12_13-47-31	Indoors	
B00000192_21I6LW_20150612_134808E	2015-06-12_13-48-08	Indoors	
B00000193_21I6LW_20150612_134839E	2015-06-12_13-48-39	Indoors	
B00000194_21I6LW_20150612_134910E	2015-06-12_13-49-10	Indoors	
B00000195_21I6LW_20150612_134941E	2015-06-12_13-49-41	Indoors	
B00000196_21I6LW_20150612_135016E	2015-06-12_13-50-16	Indoors	
B00000197_21I6LW_20150612_135055E	2015-06-12_13-50-55	Indoors	
B00000198_21I6LW_20150612_135126E	2015-06-12_13-51-26	Indoors	
B00000199_21I6LW_20150612_135203E	2015-06-12_13-52-03	Indoors	
B00000200_21I6LW_20150612_135234E	2015-06-12_13-52-34	Indoors	
B00000201_21I6LW_20150612_135305E	2015-06-12_13-53-05	Indoors	
B00000202_21I6LW_20150612_135336E	2015-06-12_13-53-36	Indoors	
B00000203_21I6LW_20150612_135407E	2015-06-12_13-54-07	Indoors	
B00000204_21I6LW_20150612_135438E	2015-06-12_13-54-38	Indoors	
B00000205_21I6LW_20150612_135509E	2015-06-12_13-55-09	Indoors	
B00000206_21I6LW_20150612_135540E	2015-06-12_13-55-40	Indoors	
B00000207_21I6LW_20150612_135611E	2015-06-12_13-56-11	Indoors	
B00000208_21I6LW_20150612_135642E	2015-06-12_13-56-42	Indoors	
B00000209_21I6LW_20150612_135713E	2015-06-12_13-57-13	Indoors	
B00000210_21I6LW_20150612_135745E	2015-06-12_13-57-44	Indoors	
B00000211_21I6LW_20150612_135815E	2015-06-12_13-58-15	Indoors	
B00000212_21I6LW_20150612_135846E	2015-06-12_13-58-46	Indoors	
B00000213_21I6LW_20150612_135917E	2015-06-12_13-59-17	Indoors	
B00000214_21I6LW_20150612_135947E	2015-06-12_13-59-47	Indoors	
B00000215_21I6LW_20150612_140017E	2015-06-12_14-00-17	Indoors	
B00000216_21I6LW_20150612_140047E	2015-06-12_14-00-47	Indoors	
B00000217_21I6LW_20150612_140118E	2015-06-12_14-01-18	Indoors	
B00000218_21I6LW_20150612_140149E	2015-06-12_14-01-49	Indoors	
B00000219_21I6LW_20150612_140220E	2015-06-12_14-02-20	Outdoors	
B00000220_21I6LW_20150612_140253E	2015-06-12_14-02-53	Outdoors	
B00000221_21I6LW_20150612_140326E	2015-06-12_14-03-26	Outdoors	
B00000222_21I6LW_20150612_140407E	2015-06-12_14-04-07	Outdoors	
B00000223_21I6LW_20150612_140446E	2015-06-12_14-04-46	Outdoors	
B00000224_21I6LW_20150612_140526E	2015-06-12_14-05-25	Outdoors	
B00000225_21I6LW_20150612_140600E	2015-06-12_14-06-00	Outdoors	
B00000226_21I6LW_20150612_140633E	2015-06-12_14-06-33	Outdoors	
B00000227_21I6LW_20150612_140706E	2015-06-12_14-07-06	Outdoors	
B00000228_21I6LW_20150612_140743E	2015-06-12_14-07-43	Outdoors	
B00000229_21I6LW_20150612_140822E	2015-06-12_14-08-22	Outdoors	
B00000230_21I6LW_20150612_140856E	2015-06-12_14-08-56	Outdoors	
B00000231_21I6LW_20150612_140936E	2015-06-12_14-09-36	Outdoors	
B00000232_21I6LW_20150612_141008E	2015-06-12_14-10-08	Outdoors	
B00000233_21I6LW_20150612_141042E	2015-06-12_14-10-41	Indoors	
B00000234_21I6LW_20150612_141513E	2015-06-12_14-15-13	Indoors	
B00000235_21I6LW_20150612_141526E	2015-06-12_14-15-25	Indoors	
B00000236_21I6LW_20150612_141559E	2015-06-12_14-15-59	Indoors	
B00000237_21I6LW_20150612_141636E	2015-06-12_14-16-36	Indoors	
B00000238_21I6LW_20150612_141707E	2015-06-12_14-17-07	Indoors	
B00000239_21I6LW_20150612_141737E	2015-06-12_14-17-37	Indoors	
B00000240_21I6LW_20150612_141807E	2015-06-12_14-18-07	Indoors	
B00000241_21I6LW_20150612_141837E	2015-06-12_14-18-37	Indoors	
B00000242_21I6LW_20150612_141908E	2015-06-12_14-19-08	Indoors	
B00000243_21I6LW_20150612_141939E	2015-06-12_14-19-39	Indoors	
B00000244_21I6LW_20150612_142010E	2015-06-12_14-20-10	Indoors	
B00000245_21I6LW_20150612_142041E	2015-06-12_14-20-41	Indoors	
B00000246_21I6LW_20150612_142111E	2015-06-12_14-21-11	Indoors	
B00000247_21I6LW_20150612_142142E	2015-06-12_14-21-42	Indoors	
B00000248_21I6LW_20150612_142213E	2015-06-12_14-22-13	Indoors	
B00000249_21I6LW_20150612_142244E	2015-06-12_14-22-44	Indoors	
B00000250_21I6LW_20150612_142315E	2015-06-12_14-23-15	Indoors	
B00000251_21I6LW_20150612_142346E	2015-06-12_14-23-46	Indoors	
B00000252_21I6LW_20150612_142417E	2015-06-12_14-24-17	Indoors	
B00000253_21I6LW_20150612_142447E	2015-06-12_14-24-47	Indoors	
B00000254_21I6LW_20150612_142518E	2015-06-12_14-25-18	Indoors	
B00000255_21I6LW_20150612_142548E	2015-06-12_14-25-48	Indoors	
B00000256_21I6LW_20150612_142619E	2015-06-12_14-26-19	Indoors	
B00000257_21I6LW_20150612_142650E	2015-06-12_14-26-50	Indoors	
B00000258_21I6LW_20150612_142720E	2015-06-12_14-27-20	Indoors	
B00000259_21I6LW_20150612_142751E	2015-06-12_14-27-51	Indoors	
B00000260_21I6LW_20150612_142822E	2015-06-12_14-28-22	Indoors	
B00000261_21I6LW_20150612_142853E	2015-06-12_14-28-53	Indoors	
B00000262_21I6LW_20150612_142924E	2015-06-12_14-29-24	Indoors	
B00000263_21I6LW_20150612_142955E	2015-06-12_14-29-55	Indoors	
B00000264_21I6LW_20150612_143026E	2015-06-12_14-30-26	Indoors	
B00000265_21I6LW_20150612_143057E	2015-06-12_14-30-57	Indoors	
B00000266_21I6LW_20150612_143128E	2015-06-12_14-31-28	Indoors	
B00000267_21I6LW_20150612_143159E	2015-06-12_14-31-59	Indoors	
B00000268_21I6LW_20150612_143229E	2015-06-12_14-32-29	Indoors	
B00000269_21I6LW_20150612_143259E	2015-06-12_14-32-59	Indoors	
B00000270_21I6LW_20150612_143329E	2015-06-12_14-33-29	Indoors	
B00000271_21I6LW_20150612_143359E	2015-06-12_14-33-59	Indoors	
B00000272_21I6LW_20150612_143430E	2015-06-12_14-34-30	Indoors	
B00000273_21I6LW_20150612_143502E	2015-06-12_14-35-01	Indoors	
B00000274_21I6LW_20150612_143532E	2015-06-12_14-35-32	Indoors	
B00000275_21I6LW_20150612_143603E	2015-06-12_14-36-03	Indoors	
B00000276_21I6LW_20150612_143634E	2015-06-12_14-36-34	Indoors	
B00000277_21I6LW_20150612_143705E	2015-06-12_14-37-05	Indoors	
B00000278_21I6LW_20150612_143736E	2015-06-12_14-37-36	Indoors	
B00000279_21I6LW_20150612_143807E	2015-06-12_14-38-07	Indoors	
B00000280_21I6LW_20150612_143837E	2015-06-12_14-38-37	Indoors	
B00000281_21I6LW_20150612_143908E	2015-06-12_14-39-08	Indoors	
B00000282_21I6LW_20150612_143939E	2015-06-12_14-39-39	Indoors	
B00000283_21I6LW_20150612_144010E	2015-06-12_14-40-10	Indoors	
B00000284_21I6LW_20150612_144049E	2015-06-12_14-40-49	Indoors	
B00000285_21I6LW_20150612_144128E	2015-06-12_14-41-28	Indoors	
B00000286_21I6LW_20150612_144159E	2015-06-12_14-41-59	Indoors	
B00000287_21I6LW_20150612_144230E	2015-06-12_14-42-30	Indoors	
B00000288_21I6LW_20150612_144301E	2015-06-12_14-43-01	Indoors	
B00000289_21I6LW_20150612_144332E	2015-06-12_14-43-32	Indoors	
B00000290_21I6LW_20150612_144403E	2015-06-12_14-44-03	Indoors	
B00000291_21I6LW_20150612_144434E	2015-06-12_14-44-34	Indoors	
B00000292_21I6LW_20150612_144507E	2015-06-12_14-45-07	Indoors	
B00000293_21I6LW_20150612_144538E	2015-06-12_14-45-38	Indoors	
B00000294_21I6LW_20150612_144609E	2015-06-12_14-46-09	Indoors	
B00000295_21I6LW_20150612_144640E	2015-06-12_14-46-40	Indoors	
B00000296_21I6LW_20150612_144711E	2015-06-12_14-47-11	Indoors	
B00000297_21I6LW_20150612_144742E	2015-06-12_14-47-42	Indoors	
B00000298_21I6LW_20150612_144813E	2015-06-12_14-48-13	Indoors	
B00000299_21I6LW_20150612_144844E	2015-06-12_14-48-44	Indoors	
B00000300_21I6LW_20150612_144915E	2015-06-12_14-49-15	Indoors	
B00000301_21I6LW_20150612_144946E	2015-06-12_14-49-46	Indoors	
B00000302_21I6LW_20150612_145017E	2015-06-12_14-50-17	Indoors	
B00000303_21I6LW_20150612_145048E	2015-06-12_14-50-48	Indoors	
B00000304_21I6LW_20150612_145119E	2015-06-12_14-51-19	Indoors	
B00000305_21I6LW_20150612_145150E	2015-06-12_14-51-50	Indoors	
B00000306_21I6LW_20150612_145221E	2015-06-12_14-52-21	Indoors	
B00000307_21I6LW_20150612_145252E	2015-06-12_14-52-52	Indoors	
B00000308_21I6LW_20150612_145333E	2015-06-12_14-53-33	Indoors	
B00000309_21I6LW_20150612_145406E	2015-06-12_14-54-06	Indoors	
B00000310_21I6LW_20150612_145440E	2015-06-12_14-54-40	Indoors	
B00000311_21I6LW_20150612_145511E	2015-06-12_14-55-11	Indoors	
B00000312_21I6LW_20150612_145542E	2015-06-12_14-55-42	Indoors	
B00000313_21I6LW_20150612_145613E	2015-06-12_14-56-13	Indoors	
B00000314_21I6LW_20150612_145644E	2015-06-12_14-56-44	Indoors	
B00000315_21I6LW_20150612_145715E	2015-06-12_14-57-15	Indoors	
B00000316_21I6LW_20150612_145746E	2015-06-12_14-57-46	Indoors	
B00000317_21I6LW_20150612_145817E	2015-06-12_14-58-17	Indoors	
B00000318_21I6LW_20150612_145848E	2015-06-12_14-58-48	Indoors	
B00000319_21I6LW_20150612_145919E	2015-06-12_14-59-19	Indoors	
B00000320_21I6LW_20150612_145950E	2015-06-12_14-59-50	Indoors	
B00000321_21I6LW_20150612_150021E	2015-06-12_15-00-21	Indoors	
B00000322_21I6LW_20150612_150052E	2015-06-12_15-00-52	Indoors	
B00000323_21I6LW_20150612_150123E	2015-06-12_15-01-23	Indoors	
B00000324_21I6LW_20150612_150158E	2015-06-12_15-01-58	Indoors	
B00000325_21I6LW_20150612_150229E	2015-06-12_15-02-29	Indoors	
B00000326_21I6LW_20150612_150302E	2015-06-12_15-03-01	Indoors	
B00000327_21I6LW_20150612_150342E	2015-06-12_15-03-42	Indoors	
B00000328_21I6LW_20150612_150420E	2015-06-12_15-04-19	Indoors	
B00000329_21I6LW_20150612_150439E	2015-06-12_15-04-34	Indoors	
B00000330_21I6LW_20150612_150440E	2015-06-12_15-04-37	Indoors	
B00000331_21I6LW_20150612_150513E	2015-06-12_15-04-50	Indoors	
B00000332_21I6LW_20150612_150514E	2015-06-12_15-04-53	Indoors	
B00000333_21I6LW_20150612_150514E	2015-06-12_15-04-56	Indoors	
B00000334_21I6LW_20150612_150514E	2015-06-12_15-04-58	Indoors	
B00000335_21I6LW_20150612_150515E	2015-06-12_15-05-01	Indoors	
B00000336_21I6LW_20150612_150516E	2015-06-12_15-05-04	Indoors	
B00000337_21I6LW_20150612_150517E	2015-06-12_15-05-07	Indoors	
B00000338_21I6LW_20150612_150518E	2015-06-12_15-05-10	Indoors	
B00000339_21I6LW_20150612_150519E	2015-06-12_15-05-13	Indoors	
B00000340_21I6LW_20150612_150526E	2015-06-12_15-05-26	Indoors	
B00000341_21I6LW_20150612_150604E	2015-06-12_15-06-03	Indoors	
B00000342_21I6LW_20150612_150644E	2015-06-12_15-06-43	Indoors	
B00000343_21I6LW_20150612_150717E	2015-06-12_15-07-16	Indoors	
B00000344_21I6LW_20150612_150756E	2015-06-12_15-07-55	Indoors	
B00000345_21I6LW_20150612_150831E	2015-06-12_15-08-31	Indoors	
B00000346_21I6LW_20150612_150911E	2015-06-12_15-09-10	Indoors	
B00000347_21I6LW_20150612_150951E	2015-06-12_15-09-51	Indoors	
B00000348_21I6LW_20150612_151024E	2015-06-12_15-10-24	Indoors	
B00000349_21I6LW_20150612_151103E	2015-06-12_15-11-03	Indoors	
B00000350_21I6LW_20150612_151140E	2015-06-12_15-11-40	Indoors	
B00000351_21I6LW_20150612_151214E	2015-06-12_15-12-14	Indoors	
B00000352_21I6LW_20150612_151332E	2015-06-12_15-13-32	Indoors	
B00000353_21I6LW_20150612_151410E	2015-06-12_15-14-10	Indoors	
B00000354_21I6LW_20150612_151440E	2015-06-12_15-14-40	Indoors	
B00000355_21I6LW_20150612_151513E	2015-06-12_15-15-12	Indoors	
B00000356_21I6LW_20150612_151548E	2015-06-12_15-15-47	Indoors	
B00000357_21I6LW_20150612_151622E	2015-06-12_15-16-22	Indoors	
B00000358_21I6LW_20150612_151656E	2015-06-12_15-16-56	Indoors	
B00000359_21I6LW_20150612_151727E	2015-06-12_15-17-27	Indoors	
B00000360_21I6LW_20150612_151758E	2015-06-12_15-17-58	Indoors	
B00000361_21I6LW_20150612_151829E	2015-06-12_15-18-29	Indoors	
B00000362_21I6LW_20150612_151906E	2015-06-12_15-19-06	Indoors	
B00000363_21I6LW_20150612_151945E	2015-06-12_15-19-45	Indoors	
B00000364_21I6LW_20150612_152023E	2015-06-12_15-20-22	Indoors	
B00000365_21I6LW_20150612_152055E	2015-06-12_15-20-55	Indoors	
B00000366_21I6LW_20150612_152131E	2015-06-12_15-21-30	Indoors	
B00000367_21I6LW_20150612_152207E	2015-06-12_15-22-07	Indoors	
B00000368_21I6LW_20150612_152242E	2015-06-12_15-22-42	Indoors	
B00000369_21I6LW_20150612_152316E	2015-06-12_15-23-15	Indoors	
B00000370_21I6LW_20150612_152348E	2015-06-12_15-23-47	Outdoors	
B00000371_21I6LW_20150612_152423E	2015-06-12_15-24-23	Outdoors	
B00000372_21I6LW_20150612_152455E	2015-06-12_15-24-55	Outdoors	
B00000373_21I6LW_20150612_152528E	2015-06-12_15-25-28	Outdoors	
B00000374_21I6LW_20150612_152601E	2015-06-12_15-26-01	Outdoors	
B00000375_21I6LW_20150612_152637E	2015-06-12_15-26-37	Outdoors	
B00000376_21I6LW_20150612_152712E	2015-06-12_15-27-12	Outdoors	
B00000377_21I6LW_20150612_152748E	2015-06-12_15-27-48	Outdoors	
B00000378_21I6LW_20150612_152829E	2015-06-12_15-28-29	Outdoors	
B00000379_21I6LW_20150612_152910E	2015-06-12_15-29-09	Outdoors	
B00000380_21I6LW_20150612_152947E	2015-06-12_15-29-47	Indoors	
B00000381_21I6LW_20150612_153022E	2015-06-12_15-30-22	Indoors	
B00000382_21I6LW_20150612_153103E	2015-06-12_15-31-02	Indoors	
B00000383_21I6LW_20150612_153135E	2015-06-12_15-31-34	Indoors	
B00000384_21I6LW_20150612_153204E	2015-06-12_15-32-04	Indoors	
B00000385_21I6LW_20150612_153241E	2015-06-12_15-32-41	Indoors	
B00000386_21I6LW_20150612_153314E	2015-06-12_15-33-13	Indoors	
B00000387_21I6LW_20150612_153343E	2015-06-12_15-33-42	Indoors	
B00000388_21I6LW_20150612_153422E	2015-06-12_15-34-22	Indoors	
B00000389_21I6LW_20150612_153500E	2015-06-12_15-34-59	Indoors	
B00000390_21I6LW_20150612_153533E	2015-06-12_15-35-32	Indoors	
B00000391_21I6LW_20150612_153608E	2015-06-12_15-36-08	Indoors	
B00000392_21I6LW_20150612_153637E	2015-06-12_15-36-37	Indoors	
B00000393_21I6LW_20150612_153707E	2015-06-12_15-37-06	Indoors	
B00000394_21I6LW_20150612_153742E	2015-06-12_15-37-42	Indoors	
B00000395_21I6LW_20150612_153811E	2015-06-12_15-38-10	Indoors	
B00000396_21I6LW_20150612_153846E	2015-06-12_15-38-45	Indoors	
B00000397_21I6LW_20150612_153917E	2015-06-12_15-39-16	Indoors	
B00000398_21I6LW_20150612_153948E	2015-06-12_15-39-47	Indoors	
B00000399_21I6LW_20150612_154033E	2015-06-12_15-40-32	Indoors	
B00000400_21I6LW_20150612_154103E	2015-06-12_15-41-03	Indoors	
B00000401_21I6LW_20150612_154136E	2015-06-12_15-41-35	Indoors	
B00000402_21I6LW_20150612_154206E	2015-06-12_15-42-06	Indoors	
B00000403_21I6LW_20150612_154243E	2015-06-12_15-42-43	Indoors	
B00000404_21I6LW_20150612_154331E	2015-06-12_15-43-31	Indoors	
B00000405_21I6LW_20150612_154411E	2015-06-12_15-44-11	Indoors	
B00000406_21I6LW_20150612_154444E	2015-06-12_15-44-43	Indoors	
B00000407_21I6LW_20150612_154521E	2015-06-12_15-45-20	Indoors	
B00000408_21I6LW_20150612_154602E	2015-06-12_15-46-01	Indoors	
B00000409_21I6LW_20150612_154641E	2015-06-12_15-46-40	Indoors	
B00000410_21I6LW_20150612_154717E	2015-06-12_15-47-16	Indoors	
B00000411_21I6LW_20150612_154757E	2015-06-12_15-47-57	Indoors	
B00000412_21I6LW_20150612_154858E	2015-06-12_15-48-58	Indoors	
B00000413_21I6LW_20150612_155018E	2015-06-12_15-50-17	Indoors	
B00000414_21I6LW_20150612_155144E	2015-06-12_15-51-43	Indoors	
B00000415_21I6LW_20150612_155306E	2015-06-12_15-53-05	Indoors	
B00000416_21I6LW_20150612_155419E	2015-06-12_15-54-19	Indoors	
B00000417_21I6LW_20150612_155450E	2015-06-12_15-54-49	Indoors	
B00000418_21I6LW_20150612_155520E	2015-06-12_15-55-19	Indoors	
B00000419_21I6LW_20150612_155601E	2015-06-12_15-56-00	Indoors	
B00000420_21I6LW_20150612_155634E	2015-06-12_15-56-33	Indoors	
B00000421_21I6LW_20150612_155705E	2015-06-12_15-57-04	Indoors	
B00000422_21I6LW_20150612_155740E	2015-06-12_15-57-40	Indoors	
B00000423_21I6LW_20150612_155821E	2015-06-12_15-58-20	Indoors	
B00000424_21I6LW_20150612_155858E	2015-06-12_15-58-57	Indoors	
B00000425_21I6LW_20150612_155935E	2015-06-12_15-59-34	Indoors	
B00000426_21I6LW_20150612_160012E	2015-06-12_16-00-11	Indoors	
B00000427_21I6LW_20150612_160053E	2015-06-12_16-00-52	Indoors	
B00000428_21I6LW_20150612_160137E	2015-06-12_16-01-37	Indoors	
B00000429_21I6LW_20150612_160209E	2015-06-12_16-02-08	Indoors	
B00000430_21I6LW_20150612_160249E	2015-06-12_16-02-48	Indoors	
B00000431_21I6LW_20150612_160321E	2015-06-12_16-03-20	Indoors	
B00000432_21I6LW_20150612_160407E	2015-06-12_16-04-06	Indoors	
B00000433_21I6LW_20150612_160455E	2015-06-12_16-04-54	Indoors	
B00000434_21I6LW_20150612_160531E	2015-06-12_16-05-31	Indoors	
B00000435_21I6LW_20150612_160609E	2015-06-12_16-06-08	Outdoors	
B00000436_21I6LW_20150612_160640E	2015-06-12_16-06-39	Indoors	
B00000437_21I6LW_20150612_160800E	2015-06-12_16-08-00	Indoors	
B00000438_21I6LW_20150612_160836E	2015-06-12_16-08-36	Indoors	
B00000439_21I6LW_20150612_160916E	2015-06-12_16-09-16	Indoors	
B00000440_21I6LW_20150612_160949E	2015-06-12_16-09-49	Indoors	
B00000441_21I6LW_20150612_161029E	2015-06-12_16-10-28	Indoors	
B00000442_21I6LW_20150612_161111E	2015-06-12_16-11-11	Indoors	
B00000443_21I6LW_20150612_161146E	2015-06-12_16-11-46	Outdoors	
B00000444_21I6LW_20150612_161220E	2015-06-12_16-12-19	Outdoors	
B00000445_21I6LW_20150612_161258E	2015-06-12_16-12-58	Outdoors	
B00000446_21I6LW_20150612_161331E	2015-06-12_16-13-31	Indoors	
B00000447_21I6LW_20150612_161410E	2015-06-12_16-14-10	Indoors	
B00000448_21I6LW_20150612_161446E	2015-06-12_16-14-46	Outdoors	
B00000449_21I6LW_20150612_161525E	2015-06-12_16-15-25	Indoors	
B00000450_21I6LW_20150612_161603E	2015-06-12_16-16-03	Outdoors	
B00000451_21I6LW_20150612_161636E	2015-06-12_16-16-36	Indoors	
B00000452_21I6LW_20150612_161708E	2015-06-12_16-17-07	Indoors	
B00000453_21I6LW_20150612_161741E	2015-06-12_16-17-41	Indoors	
B00000454_21I6LW_20150612_161817E	2015-06-12_16-18-16	Indoors	
B00000455_21I6LW_20150612_161857E	2015-06-12_16-18-56	Indoors	
B00000456_21I6LW_20150612_161927E	2015-06-12_16-19-26	Indoors	
B00000457_21I6LW_20150612_161958E	2015-06-12_16-19-57	Indoors	
B00000458_21I6LW_20150612_162033E	2015-06-12_16-20-33	Indoors	
B00000459_21I6LW_20150612_162104E	2015-06-12_16-21-04	Indoors	
B00000460_21I6LW_20150612_162135E	2015-06-12_16-21-35	Indoors	
B00000461_21I6LW_20150612_162213E	2015-06-12_16-22-13	Indoors	
B00000462_21I6LW_20150612_162257E	2015-06-12_16-22-57	Indoors	
B00000463_21I6LW_20150612_162343E	2015-06-12_16-23-42	Indoors	
B00000464_21I6LW_20150612_162422E	2015-06-12_16-24-21	Indoors	
B00000465_21I6LW_20150612_162453E	2015-06-12_16-24-52	Indoors	
B00000466_21I6LW_20150612_162524E	2015-06-12_16-25-24	Indoors	
B00000467_21I6LW_20150612_162555E	2015-06-12_16-25-54	Indoors	
B00000468_21I6LW_20150612_162635E	2015-06-12_16-26-34	Indoors	
B00000469_21I6LW_20150612_162709E	2015-06-12_16-27-08	Indoors	
B00000470_21I6LW_20150612_162742E	2015-06-12_16-27-41	Indoors	
B00000471_21I6LW_20150612_162928E	2015-06-12_16-29-27	Indoors	
B00000472_21I6LW_20150612_163006E	2015-06-12_16-30-05	Indoors	
B00000473_21I6LW_20150612_163043E	2015-06-12_16-30-42	Indoors	
B00000474_21I6LW_20150612_163122E	2015-06-12_16-31-21	Indoors	
B00000475_21I6LW_20150612_163203E	2015-06-12_16-32-02	Indoors	
B00000476_21I6LW_20150612_163234E	2015-06-12_16-32-33	Indoors	
B00000477_21I6LW_20150612_163309E	2015-06-12_16-33-08	Indoors	
B00000478_21I6LW_20150612_163340E	2015-06-12_16-33-39	Indoors	
B00000479_21I6LW_20150612_163412E	2015-06-12_16-34-11	Indoors	
B00000480_21I6LW_20150612_163455E	2015-06-12_16-34-55	Indoors	
B00000481_21I6LW_20150612_163539E	2015-06-12_16-35-39	Indoors	
B00000482_21I6LW_20150612_163630E	2015-06-12_16-36-29	Indoors	
B00000483_21I6LW_20150612_163714E	2015-06-12_16-37-13	Indoors	
B00000484_21I6LW_20150612_163750E	2015-06-12_16-37-49	Indoors	
B00000485_21I6LW_20150612_163823E	2015-06-12_16-38-23	Indoors	
B00000486_21I6LW_20150612_163902E	2015-06-12_16-39-02	Outdoors	
B00000487_21I6LW_20150612_163940E	2015-06-12_16-39-39	Indoors	
B00000488_21I6LW_20150612_164019E	2015-06-12_16-40-19	Indoors	
B00000489_21I6LW_20150612_164135E	2015-06-12_16-41-35	Indoors	
B00000490_21I6LW_20150612_164210E	2015-06-12_16-42-10	Indoors	
B00000491_21I6LW_20150612_164245E	2015-06-12_16-42-45	Indoors	
B00000492_21I6LW_20150612_164317E	2015-06-12_16-43-17	Indoors	
B00000493_21I6LW_20150612_164429E	2015-06-12_16-44-28	Indoors	
B00000494_21I6LW_20150612_164505E	2015-06-12_16-45-05	Indoors	
B00000495_21I6LW_20150612_164540E	2015-06-12_16-45-39	Indoors	
B00000496_21I6LW_20150612_164617E	2015-06-12_16-46-16	Indoors	
B00000497_21I6LW_20150612_164732E	2015-06-12_16-47-32	Outdoors	
B00000498_21I6LW_20150612_164809E	2015-06-12_16-48-09	Indoors	
B00000499_21I6LW_20150612_164847E	2015-06-12_16-48-47	Indoors	
B00000500_21I6LW_20150612_164922E	2015-06-12_16-49-21	Indoors	
B00000501_21I6LW_20150612_164955E	2015-06-12_16-49-54	Indoors	
B00000502_21I6LW_20150612_165033E	2015-06-12_16-50-32	Indoors	
B00000503_21I6LW_20150612_165112E	2015-06-12_16-51-11	Indoors	
B00000504_21I6LW_20150612_165148E	2015-06-12_16-51-48	Indoors	
B00000505_21I6LW_20150612_165222E	2015-06-12_16-52-22	Indoors	
B00000506_21I6LW_20150612_165302E	2015-06-12_16-53-01	Indoors	
B00000507_21I6LW_20150612_165340E	2015-06-12_16-53-39	Indoors	
B00000508_21I6LW_20150612_165421E	2015-06-12_16-54-20	Indoors	
B00000509_21I6LW_20150612_165456E	2015-06-12_16-54-55	Indoors	
B00000510_21I6LW_20150612_165535E	2015-06-12_16-55-34	Indoors	
B00000511_21I6LW_20150612_165612E	2015-06-12_16-56-12	Indoors	
B00000512_21I6LW_20150612_165652E	2015-06-12_16-56-51	Indoors	
B00000513_21I6LW_20150612_165726E	2015-06-12_16-57-25	Indoors	
B00000514_21I6LW_20150612_165807E	2015-06-12_16-58-06	Indoors	
B00000515_21I6LW_20150612_165840E	2015-06-12_16-58-39	Indoors	
B00000516_21I6LW_20150612_165911E	2015-06-12_16-59-10	Indoors	
B00000517_21I6LW_20150612_165946E	2015-06-12_16-59-46	Indoors	
B00000518_21I6LW_20150612_170023E	2015-06-12_17-00-23	Indoors	
B00000519_21I6LW_20150612_170101E	2015-06-12_17-01-01	Indoors	
B00000520_21I6LW_20150612_170132E	2015-06-12_17-01-32	Indoors	
B00000521_21I6LW_20150612_170209E	2015-06-12_17-02-09	Indoors	
B00000522_21I6LW_20150612_170246E	2015-06-12_17-02-46	Indoors	
B00000523_21I6LW_20150612_170328E	2015-06-12_17-03-27	Indoors	
B00000524_21I6LW_20150612_170408E	2015-06-12_17-04-07	Indoors	
B00000525_21I6LW_20150612_170448E	2015-06-12_17-04-47	Indoors	
B00000526_21I6LW_20150612_170533E	2015-06-12_17-05-33	Indoors	
B00000527_21I6LW_20150612_170616E	2015-06-12_17-06-16	Indoors	
B00000528_21I6LW_20150612_170702E	2015-06-12_17-07-01	Indoors	
B00000529_21I6LW_20150612_170750E	2015-06-12_17-07-49	Indoors	
B00000530_21I6LW_20150612_170836E	2015-06-12_17-08-35	Indoors	
B00000531_21I6LW_20150612_170908E	2015-06-12_17-09-07	Indoors	
B00000532_21I6LW_20150612_170949E	2015-06-12_17-09-48	Indoors	
B00000533_21I6LW_20150612_171028E	2015-06-12_17-10-27	Indoors	
B00000534_21I6LW_20150612_171059E	2015-06-12_17-10-58	Indoors	
B00000535_21I6LW_20150612_171134E	2015-06-12_17-11-34	Indoors	
B00000536_21I6LW_20150612_171204E	2015-06-12_17-12-04	Indoors	
B00000537_21I6LW_20150612_171235E	2015-06-12_17-12-35	Indoors	
B00000538_21I6LW_20150612_171311E	2015-06-12_17-13-11	Indoors	
B00000539_21I6LW_20150612_171348E	2015-06-12_17-13-48	Indoors	
B00000540_21I6LW_20150612_171427E	2015-06-12_17-14-27	Indoors	
B00000541_21I6LW_20150612_171513E	2015-06-12_17-15-13	Indoors	
B00000542_21I6LW_20150612_171603E	2015-06-12_17-16-03	Indoors	
B00000543_21I6LW_20150612_171650E	2015-06-12_17-16-50	Indoors	
B00000544_21I6LW_20150612_171926E	2015-06-12_17-19-25	Indoors	
B00000545_21I6LW_20150612_172007E	2015-06-12_17-20-07	Indoors	
B00000546_21I6LW_20150612_172153E	2015-06-12_17-21-52	Outdoors	
B00000547_21I6LW_20150612_172225E	2015-06-12_17-22-25	Outdoors	
B00000548_21I6LW_20150612_172300E	2015-06-12_17-23-00	Outdoors	
B00000549_21I6LW_20150612_172341E	2015-06-12_17-23-40	Outdoors	
B00000550_21I6LW_20150612_172413E	2015-06-12_17-24-13	Outdoors	
B00000551_21I6LW_20150612_172450E	2015-06-12_17-24-49	Outdoors	
B00000552_21I6LW_20150612_172524E	2015-06-12_17-25-24	Outdoors	
B00000553_21I6LW_20150612_172601E	2015-06-12_17-26-01	Outdoors	
B00000554_21I6LW_20150612_172636E	2015-06-12_17-26-36	Outdoors	
B00000555_21I6LW_20150612_172712E	2015-06-12_17-27-12	Outdoors	
B00000556_21I6LW_20150612_172746E	2015-06-12_17-27-46	Indoors	
B00000557_21I6LW_20150612_172819E	2015-06-12_17-28-18	Indoors	
B00000558_21I6LW_20150612_172856E	2015-06-12_17-28-55	Indoors	
B00000559_21I6LW_20150612_173010E	2015-06-12_17-30-10	Indoors	
B00000560_21I6LW_20150612_173047E	2015-06-12_17-30-47	Indoors	
B00000561_21I6LW_20150612_173127E	2015-06-12_17-31-27	Indoors	
B00000562_21I6LW_20150612_173206E	2015-06-12_17-32-06	Indoors	
B00000563_21I6LW_20150612_173240E	2015-06-12_17-32-39	Outdoors	
B00000564_21I6LW_20150612_173318E	2015-06-12_17-33-18	Outdoors	
B00000565_21I6LW_20150612_173351E	2015-06-12_17-33-51	Indoors	
B00000566_21I6LW_20150612_173434E	2015-06-12_17-34-34	Indoors	
B00000567_21I6LW_20150612_173511E	2015-06-12_17-35-11	Indoors	
B00000568_21I6LW_20150612_173548E	2015-06-12_17-35-48	Indoors	
B00000569_21I6LW_20150612_173625E	2015-06-12_17-36-25	Outdoors	
B00000570_21I6LW_20150612_173705E	2015-06-12_17-37-04	Indoors	
B00000571_21I6LW_20150612_173740E	2015-06-12_17-37-40	Indoors	
B00000572_21I6LW_20150612_173818E	2015-06-12_17-38-17	Indoors	
B00000573_21I6LW_20150612_173856E	2015-06-12_17-38-55	Indoors	
B00000574_21I6LW_20150612_173926E	2015-06-12_17-39-26	Indoors	
B00000575_21I6LW_20150612_174000E	2015-06-12_17-40-00	Outdoors	
B00000576_21I6LW_20150612_174108E	2015-06-12_17-41-08	Indoors	
B00000577_21I6LW_20150612_174149E	2015-06-12_17-41-49	Outdoors	
B00000578_21I6LW_20150612_174229E	2015-06-12_17-42-28	Outdoors	
B00000579_21I6LW_20150612_174301E	2015-06-12_17-43-01	Indoors	
B00000580_21I6LW_20150612_174335E	2015-06-12_17-43-35	Indoors	
B00000581_21I6LW_20150612_174408E	2015-06-12_17-44-08	Indoors	
B00000582_21I6LW_20150612_174443E	2015-06-12_17-44-43	Indoors	
B00000583_21I6LW_20150612_174520E	2015-06-12_17-45-20	Indoors	
B00000584_21I6LW_20150612_174551E	2015-06-12_17-45-50	Indoors	
B00000585_21I6LW_20150612_174624E	2015-06-12_17-46-24	Indoors	
B00000586_21I6LW_20150612_174705E	2015-06-12_17-47-05	Indoors	
B00000587_21I6LW_20150612_174738E	2015-06-12_17-47-38	Indoors	
B00000588_21I6LW_20150612_174811E	2015-06-12_17-48-11	Indoors	
B00000589_21I6LW_20150612_174842E	2015-06-12_17-48-42	Indoors	
B00000590_21I6LW_20150612_174913E	2015-06-12_17-49-13	Indoors	
B00000591_21I6LW_20150612_174944E	2015-06-12_17-49-44	Indoors	
B00000592_21I6LW_20150612_175019E	2015-06-12_17-50-18	Indoors	
B00000593_21I6LW_20150612_175054E	2015-06-12_17-50-54	Indoors	
B00000594_21I6LW_20150612_175128E	2015-06-12_17-51-27	Indoors	
B00000595_21I6LW_20150612_175158E	2015-06-12_17-51-58	Indoors	
B00000596_21I6LW_20150612_175229E	2015-06-12_17-52-29	Indoors	
B00000597_21I6LW_20150612_175300E	2015-06-12_17-52-59	Indoors	
B00000598_21I6LW_20150612_175335E	2015-06-12_17-53-34	Indoors	
B00000599_21I6LW_20150612_175408E	2015-06-12_17-54-07	Indoors	
B00000600_21I6LW_20150612_175441E	2015-06-12_17-54-40	Indoors	
B00000601_21I6LW_20150612_175514E	2015-06-12_17-55-14	Indoors	
B00000602_21I6LW_20150612_175551E	2015-06-12_17-55-50	Indoors	
B00000603_21I6LW_20150612_175625E	2015-06-12_17-56-24	Indoors	
B00000604_21I6LW_20150612_175655E	2015-06-12_17-56-54	Indoors	
B00000605_21I6LW_20150612_175729E	2015-06-12_17-57-28	Indoors	
B00000606_21I6LW_20150612_175802E	2015-06-12_17-58-02	Indoors	
B00000607_21I6LW_20150612_175841E	2015-06-12_17-58-40	Indoors	
B00000608_21I6LW_20150612_175920E	2015-06-12_17-59-19	Indoors	
B00000609_21I6LW_20150612_180001E	2015-06-12_18-00-00	Indoors	
B00000610_21I6LW_20150612_180042E	2015-06-12_18-00-41	Indoors	
B00000611_21I6LW_20150612_180118E	2015-06-12_18-01-17	Indoors	
B00000612_21I6LW_20150612_180157E	2015-06-12_18-01-56	Indoors	
B00000613_21I6LW_20150612_180228E	2015-06-12_18-02-28	Indoors	
B00000614_21I6LW_20150612_180300E	2015-06-12_18-03-00	Indoors	
B00000615_21I6LW_20150612_180341E	2015-06-12_18-03-41	Indoors	
B00000616_21I6LW_20150612_180427E	2015-06-12_18-04-27	Indoors	
B00000617_21I6LW_20150612_180512E	2015-06-12_18-05-12	Indoors	
B00000618_21I6LW_20150612_180601E	2015-06-12_18-06-01	Indoors	
B00000619_21I6LW_20150612_180644E	2015-06-12_18-06-44	Indoors	
B00000620_21I6LW_20150612_180717E	2015-06-12_18-07-17	Indoors	
B00000621_21I6LW_20150612_180748E	2015-06-12_18-07-48	Indoors	
B00000622_21I6LW_20150612_180819E	2015-06-12_18-08-19	Indoors	
B00000623_21I6LW_20150612_180900E	2015-06-12_18-09-00	Indoors	
B00000624_21I6LW_20150612_180939E	2015-06-12_18-09-39	Indoors	
B00000625_21I6LW_20150612_181015E	2015-06-12_18-10-14	Indoors	
B00000626_21I6LW_20150612_181045E	2015-06-12_18-10-45	Indoors	
B00000627_21I6LW_20150612_181121E	2015-06-12_18-11-21	Indoors	
B00000628_21I6LW_20150612_181157E	2015-06-12_18-11-57	Indoors	
B00000629_21I6LW_20150612_181234E	2015-06-12_18-12-34	Indoors	
B00000630_21I6LW_20150612_181307E	2015-06-12_18-13-07	Indoors	
B00000631_21I6LW_20150612_181346E	2015-06-12_18-13-46	Indoors	
B00000632_21I6LW_20150612_181417E	2015-06-12_18-14-17	Indoors	
B00000633_21I6LW_20150612_181448E	2015-06-12_18-14-48	Indoors	
B00000634_21I6LW_20150612_181519E	2015-06-12_18-15-18	Indoors	
B00000635_21I6LW_20150612_181554E	2015-06-12_18-15-53	Indoors	
B00000636_21I6LW_20150612_181633E	2015-06-12_18-16-33	Indoors	
B00000637_21I6LW_20150612_181704E	2015-06-12_18-17-04	Indoors	
B00000638_21I6LW_20150612_181735E	2015-06-12_18-17-35	Indoors	
B00000639_21I6LW_20150612_181806E	2015-06-12_18-18-06	Indoors	
B00000640_21I6LW_20150612_181846E	2015-06-12_18-18-45	Indoors	
B00000641_21I6LW_20150612_181917E	2015-06-12_18-19-17	Indoors	
B00000642_21I6LW_20150612_181956E	2015-06-12_18-19-56	Indoors	
B00000643_21I6LW_20150612_182034E	2015-06-12_18-20-33	Indoors	
B00000644_21I6LW_20150612_182109E	2015-06-12_18-21-09	Indoors	
B00000645_21I6LW_20150612_182147E	2015-06-12_18-21-46	Indoors	
B00000646_21I6LW_20150612_182222E	2015-06-12_18-22-22	Indoors	
B00000647_21I6LW_20150612_182251E	2015-06-12_18-22-51	Indoors	
B00000648_21I6LW_20150612_182321E	2015-06-12_18-23-20	Indoors	
B00000649_21I6LW_20150612_182402E	2015-06-12_18-24-01	Indoors	
B00000650_21I6LW_20150612_182439E	2015-06-12_18-24-39	Indoors	
B00000651_21I6LW_20150612_182512E	2015-06-12_18-25-12	Indoors	
B00000652_21I6LW_20150612_182545E	2015-06-12_18-25-45	Indoors	
B00000653_21I6LW_20150612_182619E	2015-06-12_18-26-19	Indoors	
B00000654_21I6LW_20150612_182652E	2015-06-12_18-26-51	Indoors	
B00000655_21I6LW_20150612_182723E	2015-06-12_18-27-22	Indoors	
B00000656_21I6LW_20150612_182755E	2015-06-12_18-27-55	Indoors	
B00000657_21I6LW_20150612_182825E	2015-06-12_18-28-24	Indoors	
B00000658_21I6LW_20150612_182902E	2015-06-12_18-29-02	Indoors	
B00000659_21I6LW_20150612_182943E	2015-06-12_18-29-43	Indoors	
B00000660_21I6LW_20150612_183022E	2015-06-12_18-30-22	Indoors	
B00000661_21I6LW_20150612_183053E	2015-06-12_18-30-53	Indoors	
B00000662_21I6LW_20150612_183134E	2015-06-12_18-31-34	Indoors	
B00000663_21I6LW_20150612_183207E	2015-06-12_18-32-07	Indoors	
B00000664_21I6LW_20150612_183238E	2015-06-12_18-32-38	Indoors	
B00000665_21I6LW_20150612_183308E	2015-06-12_18-33-07	Indoors	
B00000666_21I6LW_20150612_183342E	2015-06-12_18-33-42	Indoors	
B00000667_21I6LW_20150612_183422E	2015-06-12_18-34-22	Indoors	
B00000668_21I6LW_20150612_183454E	2015-06-12_18-34-53	Indoors	
B00000669_21I6LW_20150612_183524E	2015-06-12_18-35-23	Indoors	
B00000670_21I6LW_20150612_183555E	2015-06-12_18-35-54	Indoors	
B00000671_21I6LW_20150612_183633E	2015-06-12_18-36-32	Indoors	
B00000672_21I6LW_20150612_183708E	2015-06-12_18-37-07	Indoors	
B00000673_21I6LW_20150612_183738E	2015-06-12_18-37-37	Indoors	
B00000674_21I6LW_20150612_183809E	2015-06-12_18-38-08	Indoors	
B00000675_21I6LW_20150612_183843E	2015-06-12_18-38-42	Indoors	
B00000676_21I6LW_20150612_183914E	2015-06-12_18-39-13	Indoors	
B00000677_21I6LW_20150612_183942E	2015-06-12_18-39-42	Indoors	
B00000678_21I6LW_20150612_184016E	2015-06-12_18-40-15	Indoors	
B00000679_21I6LW_20150612_184058E	2015-06-12_18-40-58	Indoors	
B00000680_21I6LW_20150612_184145E	2015-06-12_18-41-45	Indoors	
B00000681_21I6LW_20150612_184226E	2015-06-12_18-42-26	Indoors	
B00000682_21I6LW_20150612_184300E	2015-06-12_18-43-00	Indoors	
B00000683_21I6LW_20150612_184341E	2015-06-12_18-43-40	Indoors	
B00000684_21I6LW_20150612_184456E	2015-06-12_18-44-56	Indoors	
B00000685_21I6LW_20150612_184533E	2015-06-12_18-45-33	Indoors	
B00000686_21I6LW_20150612_184641E	2015-06-12_18-46-40	Indoors	
B00000687_21I6LW_20150612_184747E	2015-06-12_18-47-46	Indoors	
B00000688_21I6LW_20150612_184820E	2015-06-12_18-48-19	Indoors	
B00000689_21I6LW_20150612_184850E	2015-06-12_18-48-49	Indoors	
B00000690_21I6LW_20150612_184922E	2015-06-12_18-49-22	Indoors	
B00000691_21I6LW_20150612_184952E	2015-06-12_18-49-52	Indoors	
B00000692_21I6LW_20150612_185022E	2015-06-12_18-50-22	Indoors	
B00000693_21I6LW_20150612_185057E	2015-06-12_18-50-57	Indoors	
B00000694_21I6LW_20150612_185137E	2015-06-12_18-51-37	Indoors	
B00000695_21I6LW_20150612_185215E	2015-06-12_18-52-14	Indoors	
B00000696_21I6LW_20150612_185250E	2015-06-12_18-52-49	Indoors	
B00000697_21I6LW_20150612_185327E	2015-06-12_18-53-26	Indoors	
B00000698_21I6LW_20150612_185358E	2015-06-12_18-53-57	Indoors	
B00000699_21I6LW_20150612_185432E	2015-06-12_18-54-31	Indoors	
B00000700_21I6LW_20150612_185507E	2015-06-12_18-55-06	Indoors	
B00000701_21I6LW_20150612_185537E	2015-06-12_18-55-37	Indoors	
B00000702_21I6LW_20150612_185608E	2015-06-12_18-56-08	Indoors	
B00000703_21I6LW_20150612_185640E	2015-06-12_18-56-40	Indoors	
B00000704_21I6LW_20150612_185716E	2015-06-12_18-57-15	Indoors	
B00000705_21I6LW_20150612_185758E	2015-06-12_18-57-57	Indoors	
B00000706_21I6LW_20150612_185837E	2015-06-12_18-58-37	Indoors	
B00000707_21I6LW_20150612_185915E	2015-06-12_18-59-14	Indoors	
B00000708_21I6LW_20150612_185958E	2015-06-12_18-59-57	Indoors	
B00000709_21I6LW_20150612_190028E	2015-06-12_19-00-27	Indoors	
B00000710_21I6LW_20150612_190059E	2015-06-12_19-00-58	Indoors	
B00000711_21I6LW_20150612_190133E	2015-06-12_19-01-32	Indoors	
B00000712_21I6LW_20150612_190204E	2015-06-12_19-02-04	Indoors	
B00000713_21I6LW_20150612_190241E	2015-06-12_19-02-40	Indoors	
B00000714_21I6LW_20150612_190310E	2015-06-12_19-03-10	Indoors	
B00000715_21I6LW_20150612_190342E	2015-06-12_19-03-41	Indoors	
B00000716_21I6LW_20150612_190418E	2015-06-12_19-04-17	Indoors	
B00000717_21I6LW_20150612_190449E	2015-06-12_19-04-48	Indoors	
B00000718_21I6LW_20150612_190528E	2015-06-12_19-05-27	Indoors	
B00000719_21I6LW_20150612_190604E	2015-06-12_19-06-03	Indoors	
B00000720_21I6LW_20150612_190635E	2015-06-12_19-06-35	Indoors	
B00000721_21I6LW_20150612_190709E	2015-06-12_19-07-09	Indoors	
B00000722_21I6LW_20150612_190746E	2015-06-12_19-07-46	Indoors	
B00000723_21I6LW_20150612_190819E	2015-06-12_19-08-19	Indoors	
B00000724_21I6LW_20150612_190852E	2015-06-12_19-08-52	Indoors	
B00000725_21I6LW_20150612_190922E	2015-06-12_19-09-21	Indoors	
B00000726_21I6LW_20150612_190954E	2015-06-12_19-09-53	Indoors	
B00000727_21I6LW_20150612_191024E	2015-06-12_19-10-23	Indoors	
B00000728_21I6LW_20150612_191055E	2015-06-12_19-10-54	Indoors	
B00000729_21I6LW_20150612_191131E	2015-06-12_19-11-31	Indoors	
B00000730_21I6LW_20150612_191201E	2015-06-12_19-12-01	Indoors	
B00000731_21I6LW_20150612_191241E	2015-06-12_19-12-41	Indoors	
B00000732_21I6LW_20150612_191320E	2015-06-12_19-13-19	Indoors	
B00000733_21I6LW_20150612_191359E	2015-06-12_19-13-58	Indoors	
B00000734_21I6LW_20150612_191440E	2015-06-12_19-14-39	Indoors	
B00000735_21I6LW_20150612_191511E	2015-06-12_19-15-10	Indoors	
B00000736_21I6LW_20150612_191553E	2015-06-12_19-15-52	Indoors	
B00000737_21I6LW_20150612_191628E	2015-06-12_19-16-28	Indoors	
B00000738_21I6LW_20150612_191702E	2015-06-12_19-17-02	Indoors	
B00000739_21I6LW_20150612_191738E	2015-06-12_19-17-37	Indoors	
B00000740_21I6LW_20150612_191814E	2015-06-12_19-18-13	Indoors	
B00000741_21I6LW_20150612_191853E	2015-06-12_19-18-53	Indoors	
B00000742_21I6LW_20150612_191939E	2015-06-12_19-19-38	Indoors	
B00000743_21I6LW_20150612_192016E	2015-06-12_19-20-16	Indoors	
B00000744_21I6LW_20150612_193113E	2015-06-12_19-31-13	Indoors	
B00000745_21I6LW_20150612_193150E	2015-06-12_19-31-49	Indoors	
B00000746_21I6LW_20150612_193229E	2015-06-12_19-32-29	Indoors	
B00000747_21I6LW_20150612_193300E	2015-06-12_19-32-59	Indoors	
B00000748_21I6LW_20150612_193420E	2015-06-12_19-34-19	Indoors	
B00000749_21I6LW_20150612_193453E	2015-06-12_19-34-52	Indoors	
B00000750_21I6LW_20150612_193524E	2015-06-12_19-35-24	Indoors	
B00000751_21I6LW_20150612_193559E	2015-06-12_19-35-58	Indoors	
B00000752_21I6LW_20150612_193634E	2015-06-12_19-36-33	Indoors	
B00000753_21I6LW_20150612_193709E	2015-06-12_19-37-08	Indoors	
B00000754_21I6LW_20150612_193815E	2015-06-12_19-38-15	Indoors	
B00000755_21I6LW_20150612_193846E	2015-06-12_19-38-45	Indoors	
B00000756_21I6LW_20150612_193917E	2015-06-12_19-39-16	Indoors	
B00000757_21I6LW_20150612_194032E	2015-06-12_19-40-31	Indoors	
B00000758_21I6LW_20150612_194144E	2015-06-12_19-41-43	Indoors	
B00000759_21I6LW_20150612_194439E	2015-06-12_19-44-39	Indoors	
B00000760_21I6LW_20150612_194510E	2015-06-12_19-45-10	Indoors	
B00000761_21I6LW_20150612_195118E	2015-06-12_19-51-17	Indoors	
B00000762_21I6LW_20150612_195331E	2015-06-12_19-53-30	Indoors	
B00000763_21I6LW_20150612_195404E	2015-06-12_19-54-04	Indoors	
B00000764_21I6LW_20150612_195520E	2015-06-12_19-55-19	Indoors	
B00000765_21I6LW_20150612_195601E	2015-06-12_19-56-00	Indoors	
B00000766_21I6LW_20150612_195638E	2015-06-12_19-56-37	Indoors	
B00000767_21I6LW_20150612_195716E	2015-06-12_19-57-15	Indoors	
B00000768_21I6LW_20150612_195829E	2015-06-12_19-58-28	Indoors	
B00000769_21I6LW_20150612_195908E	2015-06-12_19-59-07	Indoors	
B00000770_21I6LW_20150612_200018E	2015-06-12_20-00-18	Indoors	
B00000771_21I6LW_20150612_200053E	2015-06-12_20-00-52	Indoors	
B00000772_21I6LW_20150612_200128E	2015-06-12_20-01-27	Indoors	
B00000773_21I6LW_20150612_200207E	2015-06-12_20-02-06	Indoors	
B00000774_21I6LW_20150612_200325E	2015-06-12_20-03-25	Indoors	
B00000775_21I6LW_20150612_200407E	2015-06-12_20-04-06	Indoors	
B00000776_21I6LW_20150612_200439E	2015-06-12_20-04-38	Indoors	
B00000777_21I6LW_20150612_200516E	2015-06-12_20-05-16	Indoors	
B00000778_21I6LW_20150612_200551E	2015-06-12_20-05-50	Indoors	
B00000779_21I6LW_20150612_200625E	2015-06-12_20-06-25	Indoors	
B00000780_21I6LW_20150612_200705E	2015-06-12_20-07-04	Indoors	
B00000781_21I6LW_20150612_200825E	2015-06-12_20-08-24	Indoors	
B00000782_21I6LW_20150612_200906E	2015-06-12_20-09-06	Indoors	
B00000783_21I6LW_20150612_201134E	2015-06-12_20-11-33	Indoors	
B00000784_21I6LW_20150612_201213E	2015-06-12_20-12-13	Indoors	
B00000785_21I6LW_20150612_201323E	2015-06-12_20-13-22	Indoors	
B00000786_21I6LW_20150612_201400E	2015-06-12_20-13-59	Indoors	
B00000787_21I6LW_20150612_201437E	2015-06-12_20-14-36	Indoors	
B00000788_21I6LW_20150612_201511E	2015-06-12_20-15-10	Indoors	
B00000789_21I6LW_20150612_201546E	2015-06-12_20-15-45	Indoors	
B00000790_21I6LW_20150612_201620E	2015-06-12_20-16-19	Indoors	
B00000791_21I6LW_20150612_201656E	2015-06-12_20-16-56	Indoors	
B00000792_21I6LW_20150612_201808E	2015-06-12_20-18-07	Indoors	
B00000793_21I6LW_20150612_201843E	2015-06-12_20-18-42	Indoors	
B00000794_21I6LW_20150612_201916E	2015-06-12_20-19-15	Indoors	
B00000795_21I6LW_20150612_201952E	2015-06-12_20-19-51	Indoors	
B00000796_21I6LW_20150612_202029E	2015-06-12_20-20-28	Indoors	
B00000797_21I6LW_20150612_202109E	2015-06-12_20-21-09	Indoors	
B00000798_21I6LW_20150612_202145E	2015-06-12_20-21-44	Indoors	
B00000799_21I6LW_20150612_202225E	2015-06-12_20-22-25	Indoors	
B00000800_21I6LW_20150612_202303E	2015-06-12_20-23-03	Indoors	
B00000801_21I6LW_20150612_202345E	2015-06-12_20-23-45	Indoors	
B00000802_21I6LW_20150612_202424E	2015-06-12_20-24-24	Indoors	
B00000803_21I6LW_20150612_202500E	2015-06-12_20-24-59	Indoors	
B00000804_21I6LW_20150612_202536E	2015-06-12_20-25-35	Indoors	
B00000805_21I6LW_20150612_202611E	2015-06-12_20-26-11	Indoors	
B00000806_21I6LW_20150612_202644E	2015-06-12_20-26-43	Indoors	
B00000807_21I6LW_20150612_202717E	2015-06-12_20-27-16	Indoors	
B00000808_21I6LW_20150612_202750E	2015-06-12_20-27-49	Indoors	
B00000809_21I6LW_20150612_202829E	2015-06-12_20-28-28	Indoors	
B00000810_21I6LW_20150612_202910E	2015-06-12_20-29-09	Indoors	
B00000811_21I6LW_20150612_202947E	2015-06-12_20-29-46	Indoors	
B00000812_21I6LW_20150612_203031E	2015-06-12_20-30-30	Indoors	
B00000813_21I6LW_20150612_203102E	2015-06-12_20-31-01	Indoors	
B00000814_21I6LW_20150612_203133E	2015-06-12_20-31-32	Indoors	
B00000815_21I6LW_20150612_203203E	2015-06-12_20-32-02	Indoors	
B00000816_21I6LW_20150612_203239E	2015-06-12_20-32-38	Indoors	
B00000817_21I6LW_20150612_203314E	2015-06-12_20-33-13	Indoors	
B00000818_21I6LW_20150612_203355E	2015-06-12_20-33-54	Indoors	
B00000819_21I6LW_20150612_203436E	2015-06-12_20-34-35	Indoors	
B00000820_21I6LW_20150612_203517E	2015-06-12_20-35-16	Indoors	
B00000821_21I6LW_20150612_203559E	2015-06-12_20-35-59	Indoors	
B00000822_21I6LW_20150612_203637E	2015-06-12_20-36-36	Indoors	
B00000823_21I6LW_20150612_203712E	2015-06-12_20-37-11	Indoors	
B00000824_21I6LW_20150612_203745E	2015-06-12_20-37-45	Indoors	
B00000825_21I6LW_20150612_203826E	2015-06-12_20-38-25	Indoors	
B00000826_21I6LW_20150612_203909E	2015-06-12_20-39-08	Indoors	
B00000827_21I6LW_20150612_204028E	2015-06-12_20-40-27	Indoors	
B00000828_21I6LW_20150612_204110E	2015-06-12_20-41-10	Indoors	
B00000829_21I6LW_20150612_204154E	2015-06-12_20-41-53	Indoors	
B00000830_21I6LW_20150612_204226E	2015-06-12_20-42-25	Indoors	
B00000831_21I6LW_20150612_204256E	2015-06-12_20-42-55	Indoors	
B00000832_21I6LW_20150612_204327E	2015-06-12_20-43-26	Indoors	
B00000833_21I6LW_20150612_204409E	2015-06-12_20-44-09	Indoors	
B00000834_21I6LW_20150612_204440E	2015-06-12_20-44-40	Indoors	
B00000835_21I6LW_20150612_204512E	2015-06-12_20-45-11	Indoors	
B00000836_21I6LW_20150612_204554E	2015-06-12_20-45-53	Indoors	
B00000837_21I6LW_20150612_204632E	2015-06-12_20-46-31	Indoors	
B00000838_21I6LW_20150612_204717E	2015-06-12_20-47-17	Indoors	
B00000839_21I6LW_20150612_204805E	2015-06-12_20-48-05	Indoors	
B00000840_21I6LW_20150612_204842E	2015-06-12_20-48-42	Indoors	
B00000841_21I6LW_20150612_204915E	2015-06-12_20-49-15	Indoors	
B00000842_21I6LW_20150612_204952E	2015-06-12_20-49-51	Indoors	
B00000843_21I6LW_20150612_205023E	2015-06-12_20-50-23	Indoors	
B00000844_21I6LW_20150612_205100E	2015-06-12_20-51-00	Indoors	
B00000845_21I6LW_20150612_205141E	2015-06-12_20-51-40	Indoors	
B00000846_21I6LW_20150612_205220E	2015-06-12_20-52-19	Indoors	
B00000847_21I6LW_20150612_205253E	2015-06-12_20-52-52	Indoors	
B00000848_21I6LW_20150612_205326E	2015-06-12_20-53-25	Indoors	
B00000849_21I6LW_20150612_205409E	2015-06-12_20-54-09	Indoors	
B00000850_21I6LW_20150612_205450E	2015-06-12_20-54-49	Indoors	
B00000851_21I6LW_20150612_205521E	2015-06-12_20-55-20	Indoors	
B00000852_21I6LW_20150612_205551E	2015-06-12_20-55-51	Indoors	
B00000853_21I6LW_20150612_205623E	2015-06-12_20-56-22	Indoors	
B00000854_21I6LW_20150612_205705E	2015-06-12_20-57-05	Indoors	
B00000855_21I6LW_20150612_205736E	2015-06-12_20-57-36	Indoors	
B00000856_21I6LW_20150612_205808E	2015-06-12_20-58-07	Indoors	
B00000857_21I6LW_20150612_205841E	2015-06-12_20-58-41	Indoors	
B00000858_21I6LW_20150612_205913E	2015-06-12_20-59-13	Indoors	
B00000859_21I6LW_20150612_205945E	2015-06-12_20-59-45	Indoors	
B00000860_21I6LW_20150612_210028E	2015-06-12_21-00-27	Indoors	
B00000861_21I6LW_20150612_210140E	2015-06-12_21-01-39	Indoors	
B00000862_21I6LW_20150612_210356E	2015-06-12_21-03-56	Indoors	
B00000863_21I6LW_20150612_210430E	2015-06-12_21-04-30	Indoors	
B00000864_21I6LW_20150612_210501E	2015-06-12_21-05-01	Indoors	
B00000865_21I6LW_20150612_210531E	2015-06-12_21-05-31	Indoors	
B00000866_21I6LW_20150613_060134E	2015-06-13_06-01-33	Indoors	
B00000867_21I6LW_20150613_060206E	2015-06-13_06-02-05	Indoors	
B00000868_21I6LW_20150613_060244E	2015-06-13_06-02-43	Indoors	
B00000869_21I6LW_20150613_060323E	2015-06-13_06-03-22	Indoors	
B00000870_21I6LW_20150613_060353E	2015-06-13_06-03-52	Indoors	
B00000871_21I6LW_20150613_060428E	2015-06-13_06-04-27	Indoors	
B00000872_21I6LW_20150613_060458E	2015-06-13_06-04-58	Indoors	
B00000873_21I6LW_20150613_060528E	2015-06-13_06-05-28	Indoors	
B00000874_21I6LW_20150613_060605E	2015-06-13_06-06-05	Indoors	
B00000875_21I6LW_20150613_060638E	2015-06-13_06-06-38	Indoors	
B00000876_21I6LW_20150613_060716E	2015-06-13_06-07-16	Indoors	
B00000877_21I6LW_20150613_060748E	2015-06-13_06-07-48	Indoors	
B00000878_21I6LW_20150613_060818E	2015-06-13_06-08-18	Indoors	
B00000879_21I6LW_20150613_060848E	2015-06-13_06-08-48	Indoors	
B00000880_21I6LW_20150613_060918E	2015-06-13_06-09-18	Indoors	
B00000881_21I6LW_20150613_061058E	2015-06-13_06-10-57	Indoors	
B00000882_21I6LW_20150613_061513E	2015-06-13_06-15-13	Indoors	
B00000883_21I6LW_20150613_061555E	2015-06-13_06-15-54	Indoors	
B00000884_21I6LW_20150613_061750E	2015-06-13_06-17-49	Outdoors	
B00000885_21I6LW_20150613_062011E	2015-06-13_06-20-10	Indoors	
B00000886_21I6LW_20150613_062049E	2015-06-13_06-20-49	Indoors	
B00000887_21I6LW_20150613_062127E	2015-06-13_06-21-26	Indoors	
B00000888_21I6LW_20150613_062206E	2015-06-13_06-22-06	Indoors	
B00000889_21I6LW_20150613_062244E	2015-06-13_06-22-43	Indoors	
B00000890_21I6LW_20150613_062429E	2015-06-13_06-24-28	Indoors	
B00000891_21I6LW_20150613_062507E	2015-06-13_06-25-06	Indoors	
B00000892_21I6LW_20150613_062545E	2015-06-13_06-25-44	Outdoors	
B00000893_21I6LW_20150613_062657E	2015-06-13_06-26-57	Indoors	
B00000894_21I6LW_20150613_062733E	2015-06-13_06-27-33	Indoors	
B00000895_21I6LW_20150613_062814E	2015-06-13_06-28-14	Indoors	
B00000896_21I6LW_20150613_062853E	2015-06-13_06-28-52	Indoors	
B00000897_21I6LW_20150613_062927E	2015-06-13_06-29-27	Indoors	
B00000898_21I6LW_20150613_063006E	2015-06-13_06-30-06	Indoors	
B00000899_21I6LW_20150613_063044E	2015-06-13_06-30-43	Indoors	
B00000900_21I6LW_20150613_063119E	2015-06-13_06-31-19	Outdoors	
B00000901_21I6LW_20150613_063152E	2015-06-13_06-31-52	Outdoors	
B00000902_21I6LW_20150613_063231E	2015-06-13_06-32-31	Indoors	
B00000903_21I6LW_20150613_063312E	2015-06-13_06-33-12	Outdoors	
B00000904_21I6LW_20150613_063357E	2015-06-13_06-33-56	Outdoors	
B00000905_21I6LW_20150613_063436E	2015-06-13_06-34-35	Outdoors	
B00000906_21I6LW_20150613_063510E	2015-06-13_06-35-10	Outdoors	
B00000907_21I6LW_20150613_063542E	2015-06-13_06-35-42	Outdoors	
B00000908_21I6LW_20150613_063622E	2015-06-13_06-36-22	Outdoors	
B00000909_21I6LW_20150613_063658E	2015-06-13_06-36-58	Outdoors	
B00000910_21I6LW_20150613_063737E	2015-06-13_06-37-37	Outdoors	
B00000911_21I6LW_20150613_063813E	2015-06-13_06-38-12	Indoors	
B00000912_21I6LW_20150613_063928E	2015-06-13_06-39-28	Outdoors	
B00000913_21I6LW_20150613_064010E	2015-06-13_06-40-09	Indoors	
B00000914_21I6LW_20150613_064051E	2015-06-13_06-40-50	Indoors	
B00000915_21I6LW_20150613_064129E	2015-06-13_06-41-29	Indoors	
B00000916_21I6LW_20150613_064207E	2015-06-13_06-42-06	Indoors	
B00000917_21I6LW_20150613_064237E	2015-06-13_06-42-37	Indoors	
B00000918_21I6LW_20150613_064308E	2015-06-13_06-43-08	Indoors	
B00000919_21I6LW_20150613_064339E	2015-06-13_06-43-39	Indoors	
B00000920_21I6LW_20150613_064412E	2015-06-13_06-44-12	Indoors	
B00000921_21I6LW_20150613_064443E	2015-06-13_06-44-43	Indoors	
B00000922_21I6LW_20150613_064514E	2015-06-13_06-45-14	Indoors	
B00000923_21I6LW_20150613_064545E	2015-06-13_06-45-45	Indoors	
B00000924_21I6LW_20150613_064616E	2015-06-13_06-46-16	Indoors	
B00000925_21I6LW_20150613_064647E	2015-06-13_06-46-47	Indoors	
B00000926_21I6LW_20150613_064718E	2015-06-13_06-47-18	Indoors	
B00000927_21I6LW_20150613_064750E	2015-06-13_06-47-49	Outdoors	
B00000928_21I6LW_20150613_064822E	2015-06-13_06-48-22	Outdoors	
B00000929_21I6LW_20150613_064856E	2015-06-13_06-48-56	Outdoors	
B00000930_21I6LW_20150613_064937E	2015-06-13_06-49-37	Outdoors	
B00000931_21I6LW_20150613_065009E	2015-06-13_06-50-09	Indoors	
B00000932_21I6LW_20150613_065042E	2015-06-13_06-50-41	Indoors	
B00000933_21I6LW_20150613_065116E	2015-06-13_06-51-15	Outdoors	
B00000934_21I6LW_20150613_065154E	2015-06-13_06-51-54	Outdoors	
B00000935_21I6LW_20150613_065225E	2015-06-13_06-52-24	Indoors	
B00000936_21I6LW_20150613_065304E	2015-06-13_06-53-04	Indoors	
B00000937_21I6LW_20150613_065339E	2015-06-13_06-53-39	Indoors	
B00000938_21I6LW_20150613_065418E	2015-06-13_06-54-18	Indoors	
B00000939_21I6LW_20150613_065457E	2015-06-13_06-54-57	Indoors	
B00000940_21I6LW_20150613_065538E	2015-06-13_06-55-38	Indoors	
B00000941_21I6LW_20150613_065610E	2015-06-13_06-56-10	Indoors	
B00000942_21I6LW_20150613_065643E	2015-06-13_06-56-42	Indoors	
B00000943_21I6LW_20150613_065724E	2015-06-13_06-57-23	Indoors	
B00000944_21I6LW_20150613_065755E	2015-06-13_06-57-55	Indoors	
B00000945_21I6LW_20150613_065831E	2015-06-13_06-58-30	Indoors	
B00000946_21I6LW_20150613_065906E	2015-06-13_06-59-06	Indoors	
B00000947_21I6LW_20150613_065944E	2015-06-13_06-59-44	Indoors	
B00000948_21I6LW_20150613_070019E	2015-06-13_07-00-18	Indoors	
B00000949_21I6LW_20150613_070055E	2015-06-13_07-00-55	Indoors	
B00000950_21I6LW_20150613_070128E	2015-06-13_07-01-27	Indoors	
B00000951_21I6LW_20150613_070205E	2015-06-13_07-02-05	Indoors	
B00000952_21I6LW_20150613_070240E	2015-06-13_07-02-40	Indoors	
B00000953_21I6LW_20150613_070314E	2015-06-13_07-03-14	Outdoors	
B00000954_21I6LW_20150613_070354E	2015-06-13_07-03-54	Outdoors	
B00000955_21I6LW_20150613_070433E	2015-06-13_07-04-33	Outdoors	
B00000956_21I6LW_20150613_070508E	2015-06-13_07-05-08	Outdoors	
B00000957_21I6LW_20150613_070549E	2015-06-13_07-05-48	Outdoors	
B00000958_21I6LW_20150613_070620E	2015-06-13_07-06-20	Outdoors	
B00000959_21I6LW_20150613_070654E	2015-06-13_07-06-53	Outdoors	
B00000960_21I6LW_20150613_070733E	2015-06-13_07-07-32	Outdoors	
B00000961_21I6LW_20150613_070811E	2015-06-13_07-08-11	Outdoors	
B00000962_21I6LW_20150613_070853E	2015-06-13_07-08-52	Indoors	
B00000963_21I6LW_20150613_070925E	2015-06-13_07-09-25	Indoors	
B00000964_21I6LW_20150613_071002E	2015-06-13_07-10-02	Outdoors	
B00000965_21I6LW_20150613_071042E	2015-06-13_07-10-41	Indoors	
B00000966_21I6LW_20150613_071118E	2015-06-13_07-11-17	Indoors	
B00000967_21I6LW_20150613_071152E	2015-06-13_07-11-52	Indoors	
B00000968_21I6LW_20150613_071224E	2015-06-13_07-12-24	Indoors	
B00000969_21I6LW_20150613_071257E	2015-06-13_07-12-57	Indoors	
B00000970_21I6LW_20150613_071337E	2015-06-13_07-13-36	Indoors	
B00000971_21I6LW_20150613_071414E	2015-06-13_07-14-13	Indoors	
B00000972_21I6LW_20150613_071449E	2015-06-13_07-14-49	Indoors	
B00000973_21I6LW_20150613_071525E	2015-06-13_07-15-24	Indoors	
B00000974_21I6LW_20150613_071600E	2015-06-13_07-15-59	Indoors	
B00000975_21I6LW_20150613_071641E	2015-06-13_07-16-40	Indoors	
B00000976_21I6LW_20150613_071720E	2015-06-13_07-17-20	Indoors	
B00000977_21I6LW_20150613_071755E	2015-06-13_07-17-55	Indoors	
B00000978_21I6LW_20150613_071831E	2015-06-13_07-18-31	Indoors	
B00000979_21I6LW_20150613_071907E	2015-06-13_07-19-07	Indoors	
B00000980_21I6LW_20150613_072017E	2015-06-13_07-20-17	Indoors	
B00000981_21I6LW_20150613_072056E	2015-06-13_07-20-55	Indoors	
B00000982_21I6LW_20150613_072128E	2015-06-13_07-21-28	Indoors	
B00000983_21I6LW_20150613_072206E	2015-06-13_07-22-05	Indoors	
B00000984_21I6LW_20150613_072247E	2015-06-13_07-22-46	Indoors	
B00000985_21I6LW_20150613_072327E	2015-06-13_07-23-27	Indoors	
B00000986_21I6LW_20150613_072408E	2015-06-13_07-24-08	Indoors	
B00000987_21I6LW_20150613_072440E	2015-06-13_07-24-40	Indoors	
B00000988_21I6LW_20150613_072521E	2015-06-13_07-25-21	Outdoors	
B00000989_21I6LW_20150613_072552E	2015-06-13_07-25-52	Outdoors	
B00000990_21I6LW_20150613_072625E	2015-06-13_07-26-25	Outdoors	
B00000991_21I6LW_20150613_072706E	2015-06-13_07-27-06	Outdoors	
B00000992_21I6LW_20150613_072740E	2015-06-13_07-27-40	Outdoors	
B00000993_21I6LW_20150613_072821E	2015-06-13_07-28-21	Outdoors	
B00000994_21I6LW_20150613_072902E	2015-06-13_07-29-01	Outdoors	
B00000995_21I6LW_20150613_072938E	2015-06-13_07-29-38	Outdoors	
B00000996_21I6LW_20150613_073016E	2015-06-13_07-30-16	Outdoors	
B00000997_21I6LW_20150613_073057E	2015-06-13_07-30-57	Outdoors	
B00000998_21I6LW_20150613_073139E	2015-06-13_07-31-38	Indoors	
B00000999_21I6LW_20150613_073214E	2015-06-13_07-32-13	Indoors	
B00001000_21I6LW_20150613_073246E	2015-06-13_07-32-46	Indoors	
B00001001_21I6LW_20150613_073321E	2015-06-13_07-33-21	Indoors	
B00001002_21I6LW_20150613_073359E	2015-06-13_07-33-58	Indoors	
B00001003_21I6LW_20150613_073439E	2015-06-13_07-34-39	Indoors	
B00001004_21I6LW_20150613_073514E	2015-06-13_07-35-13	Indoors	
B00001005_21I6LW_20150613_073551E	2015-06-13_07-35-51	Indoors	
B00001006_21I6LW_20150613_073623E	2015-06-13_07-36-22	Indoors	
B00001007_21I6LW_20150613_073702E	2015-06-13_07-37-01	Indoors	
B00001008_21I6LW_20150613_073740E	2015-06-13_07-37-39	Indoors	
B00001009_21I6LW_20150613_073818E	2015-06-13_07-38-18	Indoors	
B00001010_21I6LW_20150613_073854E	2015-06-13_07-38-54	Indoors	
B00001011_21I6LW_20150613_073935E	2015-06-13_07-39-35	Indoors	
B00001012_21I6LW_20150613_074014E	2015-06-13_07-40-14	Indoors	
B00001013_21I6LW_20150613_074047E	2015-06-13_07-40-47	Indoors	
B00001014_21I6LW_20150613_074120E	2015-06-13_07-41-20	Indoors	
B00001015_21I6LW_20150613_074156E	2015-06-13_07-41-55	Indoors	
B00001016_21I6LW_20150613_074234E	2015-06-13_07-42-34	Indoors	
B00001017_21I6LW_20150613_074311E	2015-06-13_07-43-11	Indoors	
B00001018_21I6LW_20150613_074346E	2015-06-13_07-43-46	Indoors	
B00001019_21I6LW_20150613_074424E	2015-06-13_07-44-24	Indoors	
B00001020_21I6LW_20150613_074456E	2015-06-13_07-44-56	Indoors	
B00001021_21I6LW_20150613_074529E	2015-06-13_07-45-29	Indoors	
B00001022_21I6LW_20150613_074609E	2015-06-13_07-46-09	Indoors	
B00001023_21I6LW_20150613_074646E	2015-06-13_07-46-46	Indoors	
B00001024_21I6LW_20150613_074725E	2015-06-13_07-47-24	Indoors	
B00001025_21I6LW_20150613_074804E	2015-06-13_07-48-04	Indoors	
B00001026_21I6LW_20150613_074839E	2015-06-13_07-48-39	Indoors	
B00001027_21I6LW_20150613_074920E	2015-06-13_07-49-20	Indoors	
B00001028_21I6LW_20150613_074957E	2015-06-13_07-49-57	Indoors	
B00001029_21I6LW_20150613_075031E	2015-06-13_07-50-30	Indoors	
B00001030_21I6LW_20150613_075107E	2015-06-13_07-51-07	Indoors	
B00001031_21I6LW_20150613_075147E	2015-06-13_07-51-46	Indoors	
B00001032_21I6LW_20150613_075300E	2015-06-13_07-53-00	Indoors	
B00001033_21I6LW_20150613_075337E	2015-06-13_07-53-37	Indoors	
B00001034_21I6LW_20150613_075412E	2015-06-13_07-54-11	Indoors	
B00001035_21I6LW_20150613_075443E	2015-06-13_07-54-43	Indoors	
B00001036_21I6LW_20150613_075520E	2015-06-13_07-55-20	Indoors	
B00001037_21I6LW_20150613_075558E	2015-06-13_07-55-58	Indoors	
B00001038_21I6LW_20150613_075630E	2015-06-13_07-56-30	Indoors	
B00001039_21I6LW_20150613_075705E	2015-06-13_07-57-04	Indoors	
B00001040_21I6LW_20150613_075741E	2015-06-13_07-57-40	Indoors	
B00001041_21I6LW_20150613_075815E	2015-06-13_07-58-15	Indoors	
B00001042_21I6LW_20150613_075856E	2015-06-13_07-58-56	Indoors	
B00001043_21I6LW_20150613_075938E	2015-06-13_07-59-37	Indoors	
B00001044_21I6LW_20150613_080014E	2015-06-13_08-00-13	Indoors	
B00001045_21I6LW_20150613_080054E	2015-06-13_08-00-53	Indoors	
B00001046_21I6LW_20150613_080131E	2015-06-13_08-01-31	Indoors	
B00001047_21I6LW_20150613_080204E	2015-06-13_08-02-04	Indoors	
B00001048_21I6LW_20150613_080241E	2015-06-13_08-02-41	Indoors	
B00001049_21I6LW_20150613_080318E	2015-06-13_08-03-18	Indoors	
B00001050_21I6LW_20150613_080351E	2015-06-13_08-03-51	Indoors	
B00001051_21I6LW_20150613_080432E	2015-06-13_08-04-32	Indoors	
B00001052_21I6LW_20150613_080509E	2015-06-13_08-05-09	Indoors	
B00001053_21I6LW_20150613_080548E	2015-06-13_08-05-48	Indoors	
B00001054_21I6LW_20150613_080624E	2015-06-13_08-06-23	Indoors	
B00001055_21I6LW_20150613_080702E	2015-06-13_08-07-02	Indoors	
B00001056_21I6LW_20150613_080740E	2015-06-13_08-07-39	Indoors	
B00001057_21I6LW_20150613_080815E	2015-06-13_08-08-14	Indoors	
B00001058_21I6LW_20150613_080847E	2015-06-13_08-08-47	Indoors	
B00001059_21I6LW_20150613_080923E	2015-06-13_08-09-23	Indoors	
B00001060_21I6LW_20150613_081002E	2015-06-13_08-10-02	Indoors	
B00001061_21I6LW_20150613_081043E	2015-06-13_08-10-42	Indoors	
B00001062_21I6LW_20150613_081116E	2015-06-13_08-11-16	Indoors	
B00001063_21I6LW_20150613_081152E	2015-06-13_08-11-51	Indoors	
B00001064_21I6LW_20150613_081230E	2015-06-13_08-12-30	Indoors	
B00001065_21I6LW_20150613_081309E	2015-06-13_08-13-09	Indoors	
B00001066_21I6LW_20150613_081344E	2015-06-13_08-13-44	Indoors	
B00001067_21I6LW_20150613_081427E	2015-06-13_08-14-26	Indoors	
B00001068_21I6LW_20150613_081501E	2015-06-13_08-15-00	Indoors	
B00001069_21I6LW_20150613_081539E	2015-06-13_08-15-38	Indoors	
B00001070_21I6LW_20150613_081614E	2015-06-13_08-16-13	Indoors	
B00001071_21I6LW_20150613_081653E	2015-06-13_08-16-52	Indoors	
B00001072_21I6LW_20150613_081741E	2015-06-13_08-17-40	Indoors	
B00001073_21I6LW_20150613_081827E	2015-06-13_08-18-27	Indoors	
B00001074_21I6LW_20150613_081903E	2015-06-13_08-19-03	Indoors	
B00001075_21I6LW_20150613_081944E	2015-06-13_08-19-43	Indoors	
B00001076_21I6LW_20150613_082030E	2015-06-13_08-20-30	Indoors	
B00001077_21I6LW_20150613_082115E	2015-06-13_08-21-15	Indoors	
B00001078_21I6LW_20150613_082156E	2015-06-13_08-21-56	Indoors	
B00001079_21I6LW_20150613_082244E	2015-06-13_08-22-44	Indoors	
B00001080_21I6LW_20150613_082327E	2015-06-13_08-23-27	Outdoors	
B00001081_21I6LW_20150613_082410E	2015-06-13_08-24-10	Outdoors	
B00001082_21I6LW_20150613_082450E	2015-06-13_08-24-49	Indoors	
B00001083_21I6LW_20150613_082530E	2015-06-13_08-25-30	Indoors	
B00001084_21I6LW_20150613_082611E	2015-06-13_08-26-11	Indoors	
B00001085_21I6LW_20150613_082644E	2015-06-13_08-26-44	Indoors	
B00001086_21I6LW_20150613_082719E	2015-06-13_08-27-19	Indoors	
B00001087_21I6LW_20150613_082758E	2015-06-13_08-27-58	Indoors	
B00001088_21I6LW_20150613_082831E	2015-06-13_08-28-31	Indoors	
B00001089_21I6LW_20150613_082908E	2015-06-13_08-29-08	Indoors	
B00001090_21I6LW_20150613_082958E	2015-06-13_08-29-58	Indoors	
B00001091_21I6LW_20150613_083008E	2015-06-13_08-30-07	Indoors	
B00001092_21I6LW_20150613_083046E	2015-06-13_08-30-46	Indoors	
B00001093_21I6LW_20150613_083127E	2015-06-13_08-31-27	Indoors	
B00001094_21I6LW_20150613_083200E	2015-06-13_08-32-00	Indoors	
B00001095_21I6LW_20150613_083237E	2015-06-13_08-32-37	Indoors	
B00001096_21I6LW_20150613_083310E	2015-06-13_08-33-10	Indoors	
B00001097_21I6LW_20150613_083342E	2015-06-13_08-33-42	Indoors	
B00001098_21I6LW_20150613_083418E	2015-06-13_08-34-18	Indoors	
B00001099_21I6LW_20150613_083500E	2015-06-13_08-35-00	Indoors	
B00001100_21I6LW_20150613_083530E	2015-06-13_08-35-30	Indoors	
B00001101_21I6LW_20150613_083605E	2015-06-13_08-36-05	Indoors	
B00001102_21I6LW_20150613_083646E	2015-06-13_08-36-46	Indoors	
B00001103_21I6LW_20150613_083725E	2015-06-13_08-37-25	Indoors	
B00001104_21I6LW_20150613_083803E	2015-06-13_08-38-02	Indoors	
B00001105_21I6LW_20150613_083836E	2015-06-13_08-38-35	Indoors	
B00001106_21I6LW_20150613_083916E	2015-06-13_08-39-16	Indoors	
B00001107_21I6LW_20150613_083953E	2015-06-13_08-39-53	Indoors	
B00001108_21I6LW_20150613_084026E	2015-06-13_08-40-26	Indoors	
B00001109_21I6LW_20150613_084101E	2015-06-13_08-41-01	Indoors	
B00001110_21I6LW_20150613_084140E	2015-06-13_08-41-40	Indoors	
B00001111_21I6LW_20150613_084221E	2015-06-13_08-42-21	Indoors	
B00001112_21I6LW_20150613_084256E	2015-06-13_08-42-56	Indoors	
B00001113_21I6LW_20150613_084337E	2015-06-13_08-43-37	Indoors	
B00001114_21I6LW_20150613_084417E	2015-06-13_08-44-16	Indoors	
B00001115_21I6LW_20150613_084452E	2015-06-13_08-44-51	Indoors	
B00001116_21I6LW_20150613_084532E	2015-06-13_08-45-32	Indoors	
B00001117_21I6LW_20150613_084605E	2015-06-13_08-46-05	Indoors	
B00001118_21I6LW_20150613_084635E	2015-06-13_08-46-35	Indoors	
B00001119_21I6LW_20150613_084709E	2015-06-13_08-47-09	Indoors	
B00001120_21I6LW_20150613_084742E	2015-06-13_08-47-42	Indoors	
B00001121_21I6LW_20150613_084819E	2015-06-13_08-48-19	Indoors	
B00001122_21I6LW_20150613_084850E	2015-06-13_08-48-50	Indoors	
B00001123_21I6LW_20150613_084930E	2015-06-13_08-49-30	Indoors	
B00001124_21I6LW_20150613_085009E	2015-06-13_08-50-08	Indoors	
B00001125_21I6LW_20150613_085038E	2015-06-13_08-50-38	Indoors	
B00001126_21I6LW_20150613_085119E	2015-06-13_08-51-19	Indoors	
B00001127_21I6LW_20150613_085149E	2015-06-13_08-51-49	Indoors	
B00001128_21I6LW_20150613_085220E	2015-06-13_08-52-20	Indoors	
B00001129_21I6LW_20150613_085252E	2015-06-13_08-52-52	Indoors	
B00001130_21I6LW_20150613_085322E	2015-06-13_08-53-21	Indoors	
B00001131_21I6LW_20150613_085401E	2015-06-13_08-54-00	Indoors	
B00001132_21I6LW_20150613_085434E	2015-06-13_08-54-34	Indoors	
B00001133_21I6LW_20150613_085510E	2015-06-13_08-55-10	Indoors	
B00001134_21I6LW_20150613_085547E	2015-06-13_08-55-47	Indoors	
B00001135_21I6LW_20150613_085628E	2015-06-13_08-56-28	Indoors	
B00001136_21I6LW_20150613_085705E	2015-06-13_08-57-05	Indoors	
B00001137_21I6LW_20150613_085740E	2015-06-13_08-57-40	Indoors	
B00001138_21I6LW_20150613_085815E	2015-06-13_08-58-15	Indoors	
B00001139_21I6LW_20150613_085846E	2015-06-13_08-58-46	Indoors	
B00001140_21I6LW_20150613_085925E	2015-06-13_08-59-25	Indoors	
B00001141_21I6LW_20150613_085956E	2015-06-13_08-59-56	Indoors	
B00001142_21I6LW_20150613_090027E	2015-06-13_09-00-27	Indoors	
B00001143_21I6LW_20150613_090106E	2015-06-13_09-01-06	Indoors	
B00001144_21I6LW_20150613_090146E	2015-06-13_09-01-45	Indoors	
B00001145_21I6LW_20150613_090220E	2015-06-13_09-02-19	Indoors	
B00001146_21I6LW_20150613_090256E	2015-06-13_09-02-55	Outdoors	
B00001147_21I6LW_20150613_090335E	2015-06-13_09-03-35	Indoors	
B00001148_21I6LW_20150613_090424E	2015-06-13_09-04-23	Indoors	
B00001149_21I6LW_20150613_090432E	2015-06-13_09-04-32	Indoors	
B00001150_21I6LW_20150613_090510E	2015-06-13_09-05-09	Indoors	
B00001151_21I6LW_20150613_090549E	2015-06-13_09-05-49	Indoors	
B00001152_21I6LW_20150613_090628E	2015-06-13_09-06-28	Indoors	
B00001153_21I6LW_20150613_090705E	2015-06-13_09-07-05	Indoors	
B00001154_21I6LW_20150613_090738E	2015-06-13_09-07-38	Indoors	
B00001155_21I6LW_20150613_090814E	2015-06-13_09-08-13	Indoors	
B00001156_21I6LW_20150613_090854E	2015-06-13_09-08-53	Indoors	
B00001157_21I6LW_20150613_090935E	2015-06-13_09-09-35	Indoors	
B00001158_21I6LW_20150613_091015E	2015-06-13_09-10-14	Indoors	
B00001159_21I6LW_20150613_091052E	2015-06-13_09-10-51	Outdoors	
B00001160_21I6LW_20150613_091132E	2015-06-13_09-11-32	Indoors	
B00001161_21I6LW_20150613_091205E	2015-06-13_09-12-05	Indoors	
B00001162_21I6LW_20150613_091244E	2015-06-13_09-12-44	Indoors	
B00001163_21I6LW_20150613_091315E	2015-06-13_09-13-15	Indoors	
B00001164_21I6LW_20150613_091352E	2015-06-13_09-13-52	Indoors	
B00001165_21I6LW_20150613_091431E	2015-06-13_09-14-30	Outdoors	
B00001166_21I6LW_20150613_091510E	2015-06-13_09-15-09	Indoors	
B00001167_21I6LW_20150613_091547E	2015-06-13_09-15-46	Indoors	
B00001168_21I6LW_20150613_091621E	2015-06-13_09-16-21	Indoors	
B00001169_21I6LW_20150613_091656E	2015-06-13_09-16-56	Indoors	
B00001170_21I6LW_20150613_091733E	2015-06-13_09-17-32	Indoors	
B00001171_21I6LW_20150613_091808E	2015-06-13_09-18-08	Indoors	
B00001172_21I6LW_20150613_091849E	2015-06-13_09-18-49	Indoors	
B00001173_21I6LW_20150613_091929E	2015-06-13_09-19-28	Indoors	
B00001174_21I6LW_20150613_092005E	2015-06-13_09-20-04	Indoors	
B00001175_21I6LW_20150613_092044E	2015-06-13_09-20-44	Indoors	
B00001176_21I6LW_20150613_092124E	2015-06-13_09-21-24	Indoors	
B00001177_21I6LW_20150613_092204E	2015-06-13_09-22-03	Indoors	
B00001178_21I6LW_20150613_092239E	2015-06-13_09-22-39	Indoors	
B00001179_21I6LW_20150613_092321E	2015-06-13_09-23-21	Indoors	
B00001180_21I6LW_20150613_092402E	2015-06-13_09-24-02	Indoors	
B00001181_21I6LW_20150613_092443E	2015-06-13_09-24-43	Indoors	
B00001182_21I6LW_20150613_092518E	2015-06-13_09-25-18	Indoors	
B00001183_21I6LW_20150613_092638E	2015-06-13_09-26-38	Indoors	
B00001184_21I6LW_20150613_092719E	2015-06-13_09-27-19	Indoors	
B00001185_21I6LW_20150613_092800E	2015-06-13_09-28-00	Indoors	
B00001186_21I6LW_20150613_092838E	2015-06-13_09-28-37	Indoors	
B00001187_21I6LW_20150613_092913E	2015-06-13_09-29-12	Indoors	
B00001188_21I6LW_20150613_092944E	2015-06-13_09-29-43	Indoors	
B00001189_21I6LW_20150613_093018E	2015-06-13_09-30-18	Indoors	
B00001190_21I6LW_20150613_093056E	2015-06-13_09-30-56	Indoors	
B00001191_21I6LW_20150613_093132E	2015-06-13_09-31-32	Indoors	
B00001192_21I6LW_20150613_093210E	2015-06-13_09-32-09	Indoors	
B00001193_21I6LW_20150613_093244E	2015-06-13_09-32-43	Indoors	
B00001194_21I6LW_20150613_093322E	2015-06-13_09-33-22	Indoors	
B00001195_21I6LW_20150613_093401E	2015-06-13_09-34-01	Indoors	
B00001196_21I6LW_20150613_093438E	2015-06-13_09-34-38	Indoors	
B00001197_21I6LW_20150613_093511E	2015-06-13_09-35-11	Indoors	
B00001198_21I6LW_20150613_093546E	2015-06-13_09-35-46	Indoors	
B00001199_21I6LW_20150613_093621E	2015-06-13_09-36-21	Indoors	
B00001200_21I6LW_20150613_093658E	2015-06-13_09-36-58	Indoors	
B00001201_21I6LW_20150613_093737E	2015-06-13_09-37-37	Indoors	
B00001202_21I6LW_20150613_093814E	2015-06-13_09-38-14	Indoors	
B00001203_21I6LW_20150613_093845E	2015-06-13_09-38-45	Indoors	
B00001204_21I6LW_20150613_093916E	2015-06-13_09-39-16	Indoors	
B00001205_21I6LW_20150613_093947E	2015-06-13_09-39-47	Indoors	
B00001206_21I6LW_20150613_094058E	2015-06-13_09-40-57	Indoors	
B00001207_21I6LW_20150613_094128E	2015-06-13_09-41-28	Indoors	
B00001208_21I6LW_20150613_094209E	2015-06-13_09-42-08	Indoors	
B00001209_21I6LW_20150613_094324E	2015-06-13_09-43-24	Indoors	
B00001210_21I6LW_20150613_094401E	2015-06-13_09-44-00	Indoors	
B00001211_21I6LW_20150613_094431E	2015-06-13_09-44-31	Indoors	
B00001212_21I6LW_20150613_094503E	2015-06-13_09-45-03	Indoors	
B00001213_21I6LW_20150613_094544E	2015-06-13_09-45-44	Indoors	
B00001214_21I6LW_20150613_094623E	2015-06-13_09-46-23	Indoors	
B00001215_21I6LW_20150613_094704E	2015-06-13_09-47-04	Indoors	
B00001216_21I6LW_20150613_094738E	2015-06-13_09-47-38	Indoors	
B00001217_21I6LW_20150613_094815E	2015-06-13_09-48-15	Indoors	
B00001218_21I6LW_20150613_094852E	2015-06-13_09-48-52	Indoors	
B00001219_21I6LW_20150613_094933E	2015-06-13_09-49-33	Indoors	
B00001220_21I6LW_20150613_095006E	2015-06-13_09-50-06	Indoors	
B00001221_21I6LW_20150613_095047E	2015-06-13_09-50-47	Indoors	
B00001222_21I6LW_20150613_095125E	2015-06-13_09-51-25	Indoors	
B00001223_21I6LW_20150613_095209E	2015-06-13_09-52-08	Indoors	
B00001224_21I6LW_20150613_095248E	2015-06-13_09-52-48	Indoors	
B00001225_21I6LW_20150613_095329E	2015-06-13_09-53-29	Indoors	
B00001226_21I6LW_20150613_095404E	2015-06-13_09-54-04	Indoors	
B00001227_21I6LW_20150613_095445E	2015-06-13_09-54-45	Indoors	
B00001228_21I6LW_20150613_095518E	2015-06-13_09-55-18	Indoors	
B00001229_21I6LW_20150613_095555E	2015-06-13_09-55-55	Indoors	
B00001230_21I6LW_20150613_095628E	2015-06-13_09-56-28	Indoors	
B00001231_21I6LW_20150613_095659E	2015-06-13_09-56-59	Indoors	
B00001232_21I6LW_20150613_095738E	2015-06-13_09-57-38	Indoors	
B00001233_21I6LW_20150613_095813E	2015-06-13_09-58-13	Indoors	
B00001234_21I6LW_20150613_095850E	2015-06-13_09-58-49	Indoors	
B00001235_21I6LW_20150613_095929E	2015-06-13_09-59-28	Indoors	
B00001236_21I6LW_20150613_100002E	2015-06-13_10-00-02	Indoors	
B00001237_21I6LW_20150613_100042E	2015-06-13_10-00-41	Indoors	
B00001238_21I6LW_20150613_100115E	2015-06-13_10-01-15	Indoors	
B00001239_21I6LW_20150613_100154E	2015-06-13_10-01-54	Indoors	
B00001240_21I6LW_20150613_100232E	2015-06-13_10-02-31	Indoors	
B00001241_21I6LW_20150613_100306E	2015-06-13_10-03-06	Indoors	
B00001242_21I6LW_20150613_100348E	2015-06-13_10-03-47	Indoors	
B00001243_21I6LW_20150613_100423E	2015-06-13_10-04-23	Indoors	
B00001244_21I6LW_20150613_100456E	2015-06-13_10-04-55	Indoors	
B00001245_21I6LW_20150613_100530E	2015-06-13_10-05-29	Indoors	
B00001246_21I6LW_20150613_100602E	2015-06-13_10-06-02	Indoors	
B00001247_21I6LW_20150613_100637E	2015-06-13_10-06-36	Indoors	
B00001248_21I6LW_20150613_100714E	2015-06-13_10-07-13	Indoors	
B00001249_21I6LW_20150613_100746E	2015-06-13_10-07-46	Indoors	
B00001250_21I6LW_20150613_100822E	2015-06-13_10-08-22	Indoors	
B00001251_21I6LW_20150613_100857E	2015-06-13_10-08-56	Indoors	
B00001252_21I6LW_20150613_100931E	2015-06-13_10-09-30	Indoors	
B00001253_21I6LW_20150613_101004E	2015-06-13_10-10-04	Indoors	
B00001254_21I6LW_20150613_101037E	2015-06-13_10-10-37	Indoors	
B00001255_21I6LW_20150613_101116E	2015-06-13_10-11-16	Indoors	
B00001256_21I6LW_20150613_101152E	2015-06-13_10-11-51	Indoors	
B00001257_21I6LW_20150613_101233E	2015-06-13_10-12-33	Indoors	
B00001258_21I6LW_20150613_101337E	2015-06-13_10-13-37	Indoors	
B00001259_21I6LW_20150613_101413E	2015-06-13_10-14-13	Indoors	
B00001260_21I6LW_20150613_101446E	2015-06-13_10-14-46	Indoors	
B00001261_21I6LW_20150613_101520E	2015-06-13_10-15-20	Indoors	
B00001262_21I6LW_20150613_101602E	2015-06-13_10-16-02	Indoors	
